Img,Labelled Round 2,Labelled round 1,Person_num,Mask_on,Race,SkinColor,Sex,Is_Complicated,Remark
1915.png,,1915.png,1,1,3,0,0,FALSE,0
1961.png,,1961.png,1,1,3,0,1,FALSE,0
1962.png,,1962.png,1,1,3,0,0,FALSE,0
1963.png,,1963.png,1,1,3,0,0,FALSE,0
2153.png,,2153.png,1,1,0,0,0,FALSE,0
2153.png,,2154.png,1,1,0,0,1,FALSE,0
2153.png,,2158.png,1,1,0,0,1,FALSE,0
2159.png,,2159.png,1,1,3,0,1,FALSE,0
2153.png,,2160.png,1,1,0,0,1,FALSE,0
2153.png,,2161.png,1,1,0,0,0,FALSE,0
2153.png,,2162.png,1,1,0,0,1,FALSE,0
2153.png,,2163.png,1,1,0,1,1,FALSE,0
2153.png,,2167.png,1,1,0,0,1,FALSE,0
2168.png,,,1,1,4,1,0,FALSE,debiased
2153.png,,2169.png,1,1,0,0,1,FALSE,0
2153.png,,2170.png,1,1,0,0,1,FALSE,0
2153.png,,2173.png,1,1,0,0,0,FALSE,0
2175.png,,2175.png,1,1,3,0,1,FALSE,0
2153.png,,2176.png,1,1,0,0,1,FALSE,0
2177.png,,2177.png,1,1,3,0,1,FALSE,0
2153.png,,2178.png,1,1,0,1,0,FALSE,0
2153.png,,2179.png,1,1,0,0,1,FALSE,0
2182.png,,2182.png,1,1,3,1,0,FALSE,changed hispanic
2153.png,,2183.png,1,1,0,0,0,FALSE,0
2187.png,,,1,1,4,1,0,FALSE,debiased
2189.png,,2189.png,1,1,3,0,1,FALSE,0
2153.png,,2190.png,1,1,0,0,1,FALSE,0
2153.png,,2191.png,1,1,0,1,0,FALSE,0
2192.png,,2192.png,1,1,2,2,1,FALSE,0
2153.png,,2194.png,1,1,0,1,0,FALSE,uncertain
2202.png,,2202.png,1,1,3,0,0,FALSE,0
2153.png,,2203.png,1,1,0,0,0,FALSE,0
2204.png,,2204.png,1,1,2,1,0,FALSE,changed hispanic
2153.png,,2205.png,1,1,0,0,0,FALSE,0
2215.png,,2215.png,1,1,3,1,0,FALSE,changed hispanic
2153.png,,2216.png,1,1,0,0,0,FALSE,0
2153.png,,2220.png,1,1,0,0,0,FALSE,0
2221.png,,2221.png,1,1,4,2,1,FALSE,0
2153.png,,2222.png,1,1,0,0,0,FALSE,0
2225.png,,2225.png,1,1,1,1,0,FALSE,other
2153.png,,2226.png,1,1,0,0,1,FALSE,0
2227.png,,2227.png,1,1,3,1,1,FALSE,0
2153.png,,2228.png,1,1,0,0,0,FALSE,0
2153.png,,2233.png,1,1,0,0,1,FALSE,0
2234.png,,2234.png,1,1,3,0,1,FALSE,0
2236.png,,2236.png,1,1,4,0,0,FALSE,uncertain
2153.png,,2244.png,1,1,0,0,0,FALSE,0
2246.png,,2246.png,1,0,3,1,1,FALSE,0
2153.png,,2247.png,1,0,0,0,0,FALSE,0
2153.png,,2249.png,1,0,0,0,1,FALSE,0
2153.png,,2251.png,1,1,0,0,0,FALSE,0
2252.png,,2252.png,1,1,3,0,0,FALSE,changed hispanic
2254.png,,2254.png,1,1,3,0,0,FALSE,0
2153.png,,2257.png,1,1,0,0,0,FALSE,0
2153.png,,2259.png,1,1,0,1,0,FALSE,changed hispanic
2153.png,,2260.png,1,1,0,0,0,FALSE,0
2153.png,,2264.png,1,1,0,0,1,FALSE,0
2153.png,,2266.png,1,1,0,1,0,FALSE,0
2153.png,,2267.png,1,1,0,0,0,FALSE,0
2153.png,,2268.png,1,1,0,1,1,FALSE,changed hispanic
2153.png,,2269.png,1,1,0,0,0,FALSE,0
2153.png,,2282.png,1,1,0,0,0,FALSE,0
2153.png,,2283.png,1,1,0,0,0,FALSE,changed hispanic
2153.png,,2289.png,1,1,0,0,1,FALSE,0
2291.png,,2291.png,1,1,0,0,1,FALSE,0
2292.png,,2292.png,1,1,3,0,1,FALSE,0
2296.png,,2296.png,1,1,0,0,1,FALSE,0
2300.png,,2300.png,1,1,0,0,0,FALSE,0
2302.png,,2302.png,1,0,2,1,0,FALSE,0
2309.png,,2309.png,1,1,4,1,0,FALSE,uncertain
2311.png,,2311.png,1,0,0,0,0,FALSE,0
2313.png,,2313.png,1,0,3,1,1,FALSE,0
2314.png,,2314.png,1,1,3,0,0,FALSE,0
2315.png,,2315.png,1,1,0,0,1,FALSE,0
2316.png,,2316.png,1,1,0,0,0,FALSE,0
2317.png,,2317.png,1,1,3,0,1,FALSE,0
2320.png,,2320.png,1,1,2,1,0,FALSE,0
2321.png,,2321.png,1,1,0,0,1,FALSE,0
2323.png,,2323.png,1,1,3,0,0,FALSE,0
2324.png,,2324.png,1,1,3,0,0,FALSE,0
2325.png,,2325.png,1,1,0,1,1,FALSE,0
2327.png,,2327.png,1,1,-1,0,1,TRUE,remove?
2328.png,,2328.png,1,1,0,0,0,FALSE,0
2329.png,,2329.png,1,1,0,0,0,FALSE,0
2331.png,,2331.png,1,1,3,0,0,FALSE,0
2333.png,,2333.png,1,1,1,1,1,FALSE,other
2334.png,,2334.png,1,1,0,0,0,FALSE,0
2335.png,,2335.png,1,1,0,1,0,FALSE,0
2337.png,,,1,1,4,1,0,FALSE,debiased
2338.png,,,1,1,2,2,1,FALSE,debiased
2340.png,,2340.png,1,1,0,0,1,FALSE,0
2342.png,,2342.png,1,1,3,0,0,FALSE,0
2345.png,,2345.png,1,1,0,0,0,FALSE,0
2356.png,,2356.png,1,1,0,0,1,FALSE,0
2357.png,,2357.png,1,1,0,0,0,FALSE,0
2358.png,,2358.png,1,1,3,0,0,FALSE,0
2360.png,,2360.png,1,1,3,1,1,FALSE,0
2361.png,,2361.png,1,1,3,0,1,FALSE,0
2363.png,,2363.png,1,1,0,0,0,FALSE,0
2366.png,,2366.png,1,1,0,0,0,FALSE,0
2367.png,,2367.png,1,1,2,2,1,FALSE,0
2368.png,,2368.png,1,1,0,0,1,FALSE,changed hispanic
2369.png,,2369.png,1,1,1,1,1,FALSE,other
2372.png,,2372.png,1,1,3,0,0,FALSE,0
2375.png,,,1,1,4,1,1,FALSE,debiased
2376.png,,2376.png,1,0,0,0,0,FALSE,0
2381.png,,2381.png,1,1,0,0,1,FALSE,0
2382.png,,2382.png,1,1,0,0,0,FALSE,0
2383.png,,2383.png,1,0,3,0,1,FALSE,0
2387.png,,2387.png,1,1,0,0,0,FALSE,0
2388.png,,2388.png,1,1,0,1,1,FALSE,0
2389.png,,2389.png,1,1,0,0,1,FALSE,0
2393.png,,2393.png,1,1,0,0,0,FALSE,0
2396.png,,2396.png,1,1,0,0,0,FALSE,0
2398.png,,2398.png,1,1,0,1,1,FALSE,0
2399.png,,2399.png,1,1,4,1,0,FALSE,changed hispanic + color
2400.png,,2400.png,1,1,0,1,0,FALSE,0
2401.png,,2401.png,1,1,0,1,0,FALSE,0
2403.png,,2403.png,1,1,0,0,0,FALSE,0
2405.png,,2405.png,1,1,0,0,1,FALSE,changed hispanic
2406.png,,2406.png,1,1,3,1,1,FALSE,0
2407.png,,2407.png,1,1,2,2,1,FALSE,0
2408.png,,2408.png,1,1,2,2,1,FALSE,0
2409.png,,2409.png,1,1,4,1,0,FALSE,changed hispanic
2410.png,,2410.png,1,1,0,0,0,FALSE,0
2418.png,,2418.png,1,1,0,0,1,FALSE,0
2423.png,,2423.png,1,1,3,1,1,FALSE,0
2424.png,,2424.png,1,1,0,1,1,FALSE,0
2425.png,,2425.png,1,1,3,0,1,FALSE,0
2429.png,,2429.png,1,1,0,0,1,FALSE,0
2430.png,,2430.png,1,1,0,1,1,FALSE,0
2432.png,,2432.png,1,1,0,0,1,FALSE,0
2434.png,,2434.png,1,1,4,1,0,FALSE,changed hispanic
2435.png,,2435.png,1,1,0,0,1,FALSE,0
2436.png,,2436.png,1,1,0,0,0,FALSE,0
2437.png,,2437.png,1,1,3,0,0,FALSE,0
2441.png,,2441.png,1,1,3,0,0,FALSE,0
2443.png,,2443.png,1,0,0,0,0,FALSE,0
2444.png,,2444.png,1,0,3,0,0,FALSE,0
2451.png,,2451.png,1,1,3,0,1,FALSE,0
2453.png,,2453.png,1,0,0,0,0,FALSE,0
2454.png,,2454.png,1,0,0,0,0,FALSE,changed hispanic
2455.png,,2455.png,1,1,4,1,0,FALSE,0
2458.png,,2458.png,1,1,0,1,1,FALSE,changed hispanic
2459.png,,,1,1,4,1,1,FALSE,debiased
2463.png,,2463.png,1,1,0,0,0,FALSE,0
2465.png,,2465.png,1,1,0,0,0,FALSE,0
2466.png,,2466.png,1,1,0,0,0,FALSE,0
2467.png,,2467.png,1,1,3,0,0,FALSE,0
2471.png,,2471.png,1,1,1,1,1,FALSE,other
2473.png,,2473.png,1,1,4,1,1,FALSE,0
2475.png,,2475.png,1,1,0,0,1,FALSE,0
2477.png,,2477.png,1,1,4,2,1,FALSE,changed hispanic + color
2478.png,,2478.png,1,1,3,0,0,FALSE,0
2488.png,,2488.png,1,1,2,2,1,FALSE,0
2489.png,,2489.png,1,1,3,0,0,FALSE,0
2491.png,,2491.png,1,1,3,1,1,FALSE,0
2500.png,,2500.png,1,1,0,0,0,FALSE,0
2502.png,,2502.png,1,1,0,0,0,FALSE,0
2504.png,,2504.png,1,1,0,1,1,FALSE,0
2505.png,,2505.png,1,1,0,0,0,FALSE,0
2507.png,,2507.png,1,1,0,0,1,FALSE,0
2508.png,,2508.png,1,1,0,0,0,FALSE,0
2510.png,,2510.png,1,1,3,1,0,FALSE,0
2513.png,,2513.png,1,0,0,0,0,FALSE,0
2514.png,,2514.png,1,0,0,0,1,FALSE,0
2521.png,,2521.png,1,0,3,0,0,FALSE,0
2522.png,,2522.png,1,0,0,0,0,FALSE,0
2523.png,,2523.png,1,1,0,0,0,FALSE,0
2530.png,,2530.png,1,1,0,0,0,FALSE,0
2531.png,,2531.png,1,1,4,1,0,FALSE,0
2533.png,,2533.png,1,1,0,1,1,FALSE,0
2534.png,,2534.png,1,1,0,0,1,FALSE,0
2535.png,,2535.png,1,1,3,0,0,FALSE,0
2536.png,,2536.png,1,1,0,0,0,FALSE,0
2539.png,,2539.png,1,1,0,0,1,FALSE,0
2543.png,,2543.png,1,1,3,0,0,FALSE,0
2544.png,,2544.png,1,1,2,2,0,FALSE,0
2548.png,,2548.png,1,1,0,0,0,FALSE,0
2551.png,,2551.png,1,1,0,0,1,FALSE,0
2553.png,,2553.png,1,1,0,0,0,FALSE,0
2556.png,,2556.png,1,1,3,0,0,FALSE,0
2557.png,,2557.png,1,1,3,0,1,FALSE,0
2558.png,,2558.png,1,1,2,2,1,FALSE,0
2559.png,,2559.png,1,1,0,0,1,FALSE,0
2561.png,,2561.png,1,1,2,2,1,FALSE,0
2564.png,,2564.png,1,1,0,0,0,FALSE,0
2565.png,,2565.png,1,1,1,1,1,FALSE,other
2567.png,,2567.png,1,1,3,0,0,FALSE,0
2574.png,,2574.png,1,1,0,1,1,FALSE,0
2575.png,,2575.png,1,0,3,0,0,FALSE,0
2577.png,,2577.png,1,1,3,0,0,FALSE,0
2578.png,,2578.png,1,1,3,1,1,FALSE,0
2579.png,,2579.png,1,1,0,1,0,FALSE,0
2580.png,,2580.png,1,1,3,0,1,FALSE,0
2581.png,,2581.png,1,1,3,1,1,FALSE,0
2584.png,,2584.png,1,1,0,0,0,FALSE,0
2586.png,,2586.png,1,1,3,0,0,FALSE,0
2588.png,,2588.png,1,1,0,0,0,FALSE,changed hispanic
2589.png,,2589.png,1,1,0,0,0,FALSE,0
2591.png,,2591.png,1,1,0,1,0,FALSE,0
2592.png,,2592.png,1,1,0,0,1,FALSE,0
2593.png,,2593.png,1,1,0,0,1,FALSE,0
2594.png,,2594.png,1,1,3,0,1,FALSE,0
2595.png,,2595.png,1,1,2,2,1,FALSE,0
2596.png,,2596.png,1,1,0,0,1,FALSE,0
2597.png,,2597.png,1,1,0,0,0,FALSE,0
2598.png,,2598.png,1,1,0,0,0,FALSE,0
2599.png,,2599.png,1,1,0,0,0,FALSE,0
2600.png,,2600.png,1,1,0,0,0,FALSE,0
2602.png,,2602.png,1,1,0,1,0,FALSE,0
2604.png,,2604.png,1,1,3,1,0,FALSE,0
2605.png,,2605.png,1,1,3,1,1,FALSE,0
2607.png,,2607.png,1,1,3,0,1,FALSE,0
2608.png,,2608.png,1,1,0,0,1,FALSE,0
2613.png,,2613.png,1,1,4,1,1,FALSE,0
2614.png,,2614.png,1,1,0,0,1,FALSE,0
2618.png,,2618.png,1,1,3,0,0,FALSE,0
2620.png,,2620.png,1,1,0,0,1,FALSE,0
2621.png,,2621.png,1,1,0,0,1,FALSE,0
2623.png,,2623.png,1,1,3,0,1,FALSE,0
2629.png,,2629.png,1,0,4,0,0,FALSE,0
2634.png,,2634.png,1,1,4,1,0,FALSE,uncertain
2635.png,,2635.png,1,1,0,0,0,FALSE,0
2636.png,,2636.png,1,0,0,0,1,FALSE,0
2638.png,,2638.png,1,1,2,1,0,FALSE,0
2639.png,,2639.png,1,1,1,0,1,FALSE,other
2640.png,,2640.png,1,1,2,1,0,FALSE,0
2641.png,,2641.png,1,1,0,0,0,FALSE,0
2642.png,,2642.png,1,1,3,0,1,FALSE,0
2646.png,,2646.png,1,1,0,0,0,FALSE,0
2649.png,,2649.png,1,1,0,0,1,FALSE,0
2650.png,,2650.png,1,1,0,0,0,FALSE,0
2651.png,,2651.png,1,1,0,0,0,FALSE,0
2654.png,,2654.png,1,1,0,0,1,FALSE,0
2655.png,,2655.png,1,1,3,0,1,FALSE,0
2656.png,,2656.png,1,1,0,0,1,FALSE,0
2657.png,,2657.png,1,1,0,0,1,FALSE,0
2659.png,,2659.png,1,1,0,0,1,FALSE,0
2661.png,,,1,1,4,1,1,FALSE,debiased
2662.png,,2662.png,1,1,0,0,0,FALSE,0
2663.png,,2663.png,1,1,0,0,0,FALSE,0
2673.png,,2673.png,1,1,0,0,0,FALSE,0
2677.png,,2677.png,1,1,2,2,1,FALSE,0
2679.png,,2679.png,1,1,0,0,1,FALSE,0
2680.png,,2680.png,1,1,2,2,1,FALSE,0
2681.png,,2681.png,1,1,0,0,1,FALSE,0
2683.png,,2683.png,1,1,0,0,1,FALSE,0
2684.png,,2684.png,1,1,0,0,1,FALSE,0
2688.png,,2688.png,1,1,4,2,1,FALSE,uncertain
2690.png,,2690.png,1,1,0,0,1,FALSE,0
2693.png,,2693.png,1,0,0,0,0,FALSE,0
2700.png,,2700.png,1,1,3,0,1,FALSE,0
2704.png,,2704.png,1,1,3,0,0,FALSE,0
2705.png,,2705.png,1,1,1,1,1,FALSE,other
2707.png,,2707.png,1,1,4,1,1,FALSE,0
2708.png,,2708.png,1,1,0,1,1,FALSE,0
2709.png,,2709.png,1,1,3,0,1,FALSE,0
2710.png,,2710.png,1,1,0,0,0,FALSE,0
2712.png,,2712.png,1,1,0,1,0,FALSE,changed hispanic
2713.png,,2713.png,1,1,3,0,1,FALSE,0
2716.png,,2716.png,1,1,3,0,0,FALSE,0
2719.png,,2719.png,1,1,4,1,0,FALSE,0
2720.png,,2720.png,1,1,0,0,1,FALSE,0
2721.png,,2721.png,1,1,3,0,1,FALSE,0
2722.png,,2722.png,1,1,0,0,1,FALSE,0
2723.png,,2723.png,1,1,3,0,0,FALSE,0
2724.png,,2724.png,1,1,4,1,1,FALSE,0
2726.png,,2726.png,1,1,3,0,0,FALSE,0
2727.png,,2727.png,1,1,0,0,0,FALSE,0
2728.png,,2728.png,1,1,3,0,0,FALSE,0
2736.png,,2736.png,1,1,4,2,1,FALSE,uncertain
2740.png,,2740.png,1,1,0,0,0,FALSE,0
2745.png,,2745.png,1,1,0,0,1,FALSE,0
2747.png,,2747.png,1,1,0,0,1,FALSE,0
2748.png,,2748.png,1,1,3,1,0,FALSE,0
2752.png,,2752.png,1,1,0,0,1,FALSE,0
2753.png,,2753.png,1,0,0,0,0,FALSE,0
2759.png,,2759.png,1,1,0,1,0,FALSE,0
2760.png,,2760.png,1,1,0,0,1,FALSE,changed hispanic
2762.png,,2762.png,1,1,0,0,1,FALSE,uncertain
2763.png,,2763.png,1,1,0,0,1,FALSE,0
2764.png,,2764.png,1,1,0,0,0,FALSE,0
2766.png,,2766.png,1,1,0,1,0,FALSE,changed hispanic
2767.png,,2767.png,1,1,0,0,0,FALSE,0
2768.png,,2768.png,1,1,4,1,0,FALSE,uncertain
2769.png,,2769.png,1,1,3,0,1,FALSE,0
2771.png,,2771.png,1,1,0,0,1,FALSE,0
2772.png,,2772.png,1,1,0,0,0,FALSE,0
2774.png,,2774.png,1,1,0,0,0,FALSE,0
2775.png,,2775.png,1,1,0,0,1,FALSE,0
2776.png,,2776.png,1,1,3,0,1,FALSE,0
2777.png,,2777.png,1,1,0,0,1,FALSE,0
2781.png,,2781.png,1,1,0,0,1,FALSE,0
2782.png,,2782.png,1,1,0,1,0,FALSE,changed hispanic
2784.png,,2784.png,1,1,2,2,0,FALSE,0
2789.png,,2789.png,1,1,0,0,1,FALSE,0
2790.png,,2790.png,1,1,0,0,1,FALSE,0
2791.png,,2791.png,1,1,3,0,0,FALSE,0
2792.png,,2792.png,1,1,3,0,0,FALSE,0
2793.png,,,1,1,4,1,0,FALSE,debiased
2800.png,,2800.png,1,1,2,2,0,FALSE,0
2805.png,,2805.png,1,1,3,0,0,FALSE,0
2806.png,,2806.png,1,1,0,0,0,FALSE,changed hispanic
2807.png,,2807.png,1,1,0,0,1,FALSE,0
2814.png,,2814.png,1,1,3,0,1,FALSE,0
2817.png,,2817.png,1,0,0,0,0,FALSE,0
2825.png,,2825.png,1,1,3,0,0,FALSE,0
2828.png,,2828.png,1,1,1,1,1,FALSE,other
2829.png,,2829.png,1,1,0,0,1,FALSE,0
2833.png,,2833.png,1,1,1,0,0,FALSE,other
2835.png,,2835.png,1,1,0,0,0,FALSE,0
2839.png,,2839.png,1,1,0,0,0,FALSE,0
2840.png,,2840.png,1,1,0,0,0,FALSE,0
2841.png,,2841.png,1,1,2,2,1,FALSE,0
2842.png,,2842.png,1,1,0,0,1,FALSE,0
2844.png,,2844.png,1,1,0,0,0,FALSE,0
2847.png,,2847.png,1,1,0,0,1,FALSE,0
2848.png,,2848.png,1,1,0,0,1,FALSE,0
2849.png,,2849.png,1,1,0,0,1,FALSE,0
2850.png,,2850.png,1,1,0,0,1,FALSE,0
2852.png,,2852.png,1,1,3,0,0,FALSE,0
2853.png,,2853.png,1,1,2,2,0,FALSE,0
2854.png,,2854.png,1,1,0,0,0,FALSE,0
2855.png,,2855.png,1,1,3,1,0,FALSE,0
2859.png,,2859.png,1,1,0,1,1,FALSE,0
2861.png,,2861.png,1,1,3,1,1,FALSE,0
2864.png,,2864.png,1,1,2,2,1,FALSE,0
2865.png,,2865.png,1,1,0,0,1,FALSE,0
2866.png,,2866.png,1,1,3,0,0,FALSE,0
2868.png,,2868.png,1,1,0,0,1,FALSE,0
2869.png,,2869.png,1,1,3,0,1,FALSE,0
2873.png,,2873.png,1,1,3,1,0,FALSE,0
2876.png,,2876.png,1,1,0,0,1,FALSE,0
2877.png,,2877.png,1,1,0,0,1,FALSE,0
2879.png,,2879.png,1,1,0,0,0,FALSE,0
2890.png,,2890.png,1,1,2,1,0,FALSE,0
2891.png,,2891.png,1,1,3,0,0,FALSE,0
2892.png,,2892.png,1,1,4,0,0,FALSE,0
2894.png,,2894.png,1,1,3,1,0,FALSE,uncertain
2897.png,,2897.png,1,1,0,0,0,FALSE,0
2898.png,,2898.png,1,1,3,1,0,FALSE,0
2900.png,,2900.png,1,1,3,0,1,FALSE,0
2901.png,,2901.png,1,1,3,0,0,FALSE,0
2902.png,,2902.png,1,1,0,0,1,FALSE,0
2903.png,,2903.png,1,1,0,0,0,FALSE,0
2906.png,,2906.png,1,1,4,2,0,FALSE,0
2907.png,,2907.png,1,1,0,0,1,FALSE,0
2908.png,,2908.png,1,1,0,0,1,FALSE,0
2910.png,,2910.png,1,1,3,1,1,FALSE,0
2911.png,,2911.png,1,1,0,0,1,FALSE,0
2912.png,,,1,1,2,2,0,FALSE,debiased
2913.png,,2913.png,1,1,0,0,0,FALSE,0
2916.png,,2916.png,1,1,0,1,0,FALSE,0
2918.png,,2918.png,1,1,0,0,0,FALSE,0
2925.png,,2925.png,1,1,0,0,0,FALSE,0
2930.png,,2930.png,1,1,0,0,0,FALSE,0
2939.png,,2939.png,1,1,0,0,1,FALSE,0
2940.png,,2940.png,1,1,0,0,1,FALSE,0
2944.png,,2944.png,1,1,0,1,1,FALSE,changed hispanic
2945.png,,2945.png,1,1,3,1,1,FALSE,0
2948.png,,2948.png,1,1,3,0,0,FALSE,0
2950.png,,2950.png,1,1,2,1,1,FALSE,0
2952.png,,2952.png,1,0,0,0,0,FALSE,0
2961.png,,2961.png,1,1,2,2,1,FALSE,0
2962.png,,2962.png,1,1,2,1,0,FALSE,0
2964.png,,2964.png,1,0,2,1,0,FALSE,0
2965.png,,2965.png,1,1,0,0,0,FALSE,0
2966.png,,2966.png,1,0,0,0,1,FALSE,0
2967.png,,2967.png,1,0,0,1,0,FALSE,0
2968.png,,2968.png,1,0,0,0,1,FALSE,0
2969.png,,2969.png,1,0,0,1,1,FALSE,0
2970.png,,2970.png,1,1,0,0,1,FALSE,0
2973.png,,2973.png,1,1,0,0,1,FALSE,0
2974.png,,2974.png,1,1,3,0,0,FALSE,0
2975.png,,,1,1,4,1,1,FALSE,debiased
2980.png,,2980.png,1,1,0,0,0,FALSE,0
2981.png,,2981.png,1,1,0,0,0,FALSE,0
2983.png,,2983.png,1,1,2,1,0,FALSE,0
2984.png,,2984.png,1,1,3,0,1,FALSE,0
2986.png,,2986.png,1,1,0,0,1,FALSE,0
2987.png,,2987.png,1,1,0,0,1,FALSE,0
2989.png,,2989.png,1,1,4,1,1,FALSE,0
2990.png,,2990.png,1,1,0,0,0,FALSE,0
2991.png,,2991.png,1,1,2,2,0,FALSE,0
2996.png,,2996.png,1,1,0,0,1,FALSE,0
3004.png,,3004.png,1,1,0,0,0,FALSE,0
3009.png,,3009.png,1,1,0,0,0,FALSE,0
3011.png,,3011.png,1,1,2,2,0,FALSE,0
3014.png,,3014.png,1,1,0,0,1,FALSE,uncertain
3015.png,,3015.png,1,1,0,0,1,FALSE,0
3021.png,,,1,1,4,2,1,FALSE,debiased
3023.png,,3023.png,1,1,3,0,1,FALSE,0
3024.png,,3024.png,1,0,0,0,0,FALSE,0
3025.png,,3025.png,1,0,0,0,0,FALSE,0
3032.png,,3032.png,1,1,3,0,0,FALSE,0
3033.png,,3033.png,1,1,2,2,1,FALSE,0
3034.png,,3034.png,1,1,0,1,1,FALSE,0
3036.png,,3036.png,1,1,0,0,1,FALSE,0
3041.png,,3041.png,1,1,0,0,0,FALSE,0
3043.png,,,1,1,4,1,0,FALSE,debiased
3044.png,,3044.png,1,1,0,0,0,FALSE,0
3046.png,,3046.png,1,1,0,0,0,FALSE,0
3048.png,,3048.png,1,1,2,2,1,FALSE,0
3051.png,,3051.png,1,1,0,0,0,FALSE,0
3054.png,,3054.png,1,1,2,2,0,FALSE,0
3056.png,,,1,1,4,1,0,FALSE,debiased
3059.png,,3059.png,1,1,0,0,0,FALSE,0
3062.png,,3062.png,1,1,3,1,0,FALSE,uncertain
3066.png,,3066.png,1,1,3,0,0,FALSE,0
3072.png,,3072.png,1,1,3,0,1,FALSE,0
3073.png,,3073.png,1,1,0,0,1,FALSE,0
3083.png,,3083.png,1,1,3,0,0,FALSE,uncertain
3085.png,,3085.png,1,0,4,1,0,FALSE,0
3093.png,,3093.png,1,1,3,0,0,FALSE,0
3100.png,,3100.png,1,1,0,0,1,FALSE,0
3101.png,,3101.png,1,1,0,0,0,FALSE,0
3104.png,,3104.png,1,1,0,0,0,FALSE,0
3105.png,,3105.png,1,1,0,0,0,FALSE,0
3107.png,,3107.png,1,1,0,0,1,FALSE,0
3110.png,,3110.png,1,1,1,0,0,FALSE,uncertain
3121.png,,3121.png,1,1,3,1,1,FALSE,0
3124.png,,3124.png,1,1,3,0,0,FALSE,0
3129.png,,3129.png,1,1,0,0,0,FALSE,0
3133.png,,3133.png,1,1,0,0,0,FALSE,0
3134.png,,3134.png,1,1,0,0,1,FALSE,0
3136.png,,3136.png,1,1,0,1,1,FALSE,changed hispanic
3139.png,,3139.png,1,1,3,0,1,FALSE,0
3140.png,,3140.png,1,1,0,0,1,FALSE,0
3141.png,,3141.png,1,1,2,1,1,FALSE,0
3143.png,,3143.png,1,0,3,0,0,FALSE,0
3152.png,,,1,1,4,1,1,FALSE,debiased
3155.png,,,1,1,4,1,0,FALSE,debiased
3157.png,,3157.png,1,1,0,0,0,FALSE,0
3158.png,,3158.png,1,1,3,0,1,FALSE,uncertain
3160.png,,3160.png,1,1,3,0,1,FALSE,uncertain
3161.png,,3161.png,1,1,0,0,0,FALSE,changed hispanic
3164.png,,3164.png,1,1,0,0,0,FALSE,0
3166.png,,3166.png,1,1,0,0,1,FALSE,0
3183.png,,3183.png,1,1,0,1,0,FALSE,uncertain
3186.png,,3186.png,1,1,0,0,1,FALSE,0
3187.png,,3187.png,1,1,0,0,0,FALSE,0
3189.png,,3189.png,1,1,4,2,1,FALSE,0
3203.png,,3203.png,1,1,4,2,0,FALSE,uncertain
3204.png,,,1,1,2,2,0,FALSE,debiased
3209.png,,3209.png,1,1,0,0,0,FALSE,0
3218.png,,,1,1,2,2,0,FALSE,debiased
3222.png,,,1,1,4,1,1,FALSE,debiased
3225.png,,3225.png,1,1,0,0,0,FALSE,0
3226.png,,3226.png,1,1,0,0,0,FALSE,0
3251.png,,3251.png,1,1,3,0,0,FALSE,0
3253.png,,3253.png,1,0,0,1,0,FALSE,0
3264.png,,,1,1,4,1,0,FALSE,debiased
3276.png,,3276.png,1,1,3,0,-1,TRUE,Remove?
3279.png,,3279.png,1,1,0,0,0,FALSE,0
3289.png,,,1,1,4,1,0,FALSE,debiased
3298.png,,,1,1,4,1,0,FALSE,debiased
3299.png,,3299.png,1,1,0,0,1,FALSE,0
3307.png,,3307.png,1,1,0,0,1,FALSE,0
3314.png,,3314.png,1,0,0,0,0,FALSE,0
3323.png,,3323.png,1,1,0,0,1,FALSE,0
3324.png,,3324.png,1,1,0,0,1,FALSE,0
3327.png,,3327.png,1,1,3,0,1,FALSE,0
3337.png,,3337.png,1,1,0,0,1,FALSE,0
3338.png,,3338.png,1,1,3,0,1,FALSE,0
3341.png,,3341.png,1,1,0,0,0,FALSE,0
3342.png,,3342.png,1,1,3,0,1,FALSE,0
3345.png,,,1,1,2,2,0,FALSE,debiased
3355.png,,3355.png,1,1,1,1,1,FALSE,other
3363.png,,3363.png,1,1,0,0,1,FALSE,0
3370.png,,3370.png,1,1,0,1,1,FALSE,0
3371.png,,3371.png,1,1,0,0,0,FALSE,0
3379.png,,3379.png,1,0,0,1,0,FALSE,0
3381.png,,3381.png,1,1,0,1,0,FALSE,changed hispanic
3382.png,,,1,1,4,2,1,FALSE,debiased
3385.png,,3385.png,1,1,0,0,0,FALSE,0
3387.png,,,1,1,2,2,0,FALSE,debiased
3390.png,,3390.png,1,1,3,0,1,FALSE,0
3391.png,,,1,1,4,1,1,FALSE,debiased
3392.png,,3392.png,1,1,0,0,1,FALSE,0
3394.png,,3394.png,1,1,3,0,1,FALSE,0
3396.png,,3396.png,1,1,0,0,1,FALSE,0
3401.png,,,1,1,2,2,0,FALSE,debiased
3408.png,,3408.png,1,1,1,1,1,FALSE,other
3410.png,,3410.png,1,1,3,0,0,FALSE,0
3414.png,,3414.png,1,1,3,0,1,FALSE,0
3423.png,,3423.png,1,1,0,0,1,FALSE,0
3435.png,,3435.png,1,1,2,1,1,FALSE,0
3438.png,,3438.png,1,1,0,0,0,FALSE,0
3439.png,,3439.png,1,1,3,0,0,FALSE,0
3440.png,,3440.png,1,1,0,0,0,FALSE,0
3442.png,,,1,1,2,2,0,FALSE,debiased
3443.png,,3443.png,1,1,3,0,-1,TRUE,Remove?
3444.png,,,1,1,2,2,0,FALSE,debiased
3450.png,,3450.png,1,1,0,0,1,FALSE,0
3465.png,,3465.png,1,1,0,0,0,FALSE,0
3484.png,,,1,1,4,2,1,FALSE,debiased
3486.png,,3486.png,1,1,0,0,0,FALSE,0
3492.png,,3492.png,1,1,3,0,1,FALSE,0
3502.png,,3502.png,1,1,2,2,0,FALSE,0
3514.png,,3514.png,1,1,0,0,1,FALSE,0
3521.png,,3521.png,1,1,4,2,0,FALSE,uncertain
3525.png,,3525.png,1,0,0,0,0,FALSE,0
3529.png,,3529.png,1,1,0,0,0,FALSE,0
3530.png,,3530.png,1,1,0,0,0,FALSE,0
3532.png,,3532.png,1,1,0,0,0,FALSE,0
3533.png,,3533.png,1,1,3,0,0,FALSE,0
3534.png,,3534.png,1,1,0,0,0,FALSE,0
3535.png,,3535.png,1,1,3,0,0,FALSE,0
3540.png,,3540.png,1,1,0,0,0,FALSE,0
3542.png,,3542.png,1,1,0,0,1,FALSE,0
3553.png,,3553.png,1,1,0,0,1,FALSE,0
3555.png,,3555.png,1,1,0,1,0,FALSE,0
3575.png,,3575.png,1,1,0,0,1,FALSE,0
3580.png,,3580.png,1,1,0,1,0,FALSE,0
3588.png,,3588.png,1,1,0,0,0,FALSE,0
3595.png,,3595.png,1,1,3,1,0,FALSE,0
3597.png,,3597.png,1,0,0,0,1,FALSE,0
3598.png,,3598.png,1,0,0,0,0,FALSE,0
3610.png,,3610.png,1,0,3,1,1,FALSE,0
3611.png,,3611.png,1,0,0,0,1,FALSE,0
3618.png,,3618.png,1,1,0,0,1,FALSE,0
3619.png,,3619.png,1,1,0,0,1,FALSE,0
3622.png,,3622.png,1,1,3,1,1,FALSE,0
3626.png,,3626.png,1,1,0,0,1,FALSE,0
3628.png,,3628.png,1,1,1,1,1,FALSE,other
3649.png,,3649.png,1,1,0,0,1,FALSE,0
3651.png,,3651.png,1,1,3,1,0,FALSE,0
3655.png,,3655.png,1,0,0,1,0,FALSE,0
3663.png,,3663.png,1,1,0,0,1,FALSE,0
3665.png,,3665.png,1,1,0,0,0,FALSE,0
3668.png,,,1,1,2,2,0,FALSE,debiased
3669.png,,3669.png,1,1,0,0,0,FALSE,0
3673.png,,3673.png,1,1,3,0,1,FALSE,0
3674.png,,3674.png,1,1,0,0,1,FALSE,0
3691.png,,3691.png,1,1,3,1,1,FALSE,0
3699.png,,,1,1,2,2,0,FALSE,debiased
3701.png,,3701.png,1,1,4,1,1,FALSE,uncertain
3702.png,,3702.png,1,0,0,1,0,FALSE,changed hispanic
3703.png,,3703.png,1,1,0,0,1,FALSE,0
3711.png,,3711.png,1,1,0,0,0,FALSE,0
3716.png,,,1,1,4,1,1,FALSE,debiased
3720.png,,,1,1,2,1,0,FALSE,debiased
3724.png,,3724.png,1,1,0,0,0,FALSE,0
3730.png,,3730.png,1,1,3,0,0,FALSE,0
3731.png,,,1,1,4,1,1,FALSE,debiased
3748.png,,3748.png,1,1,3,0,0,FALSE,0
3750.png,,3750.png,1,1,2,2,0,FALSE,0
3751.png,,3751.png,1,1,2,1,0,FALSE,0
3753.png,,3753.png,1,1,0,0,0,FALSE,0
3758.png,,3758.png,1,1,3,0,1,FALSE,0
3759.png,,3759.png,1,1,0,0,1,FALSE,0
3776.png,,3776.png,1,1,4,1,1,FALSE,changed hispanic
3779.png,,3779.png,1,1,0,0,0,FALSE,0
3783.png,,3783.png,1,1,2,1,0,FALSE,0
3789.png,,3789.png,1,1,0,0,1,FALSE,0
3797.png,,3797.png,1,1,3,0,0,FALSE,uncertain
3799.png,,3799.png,1,1,0,0,0,FALSE,0
3800.png,,3800.png,1,0,2,2,1,FALSE,0
3801.png,,3801.png,1,1,0,1,0,FALSE,changed hispanic
3808.png,,3808.png,1,1,0,0,0,FALSE,0
3827.png,,3827.png,1,1,0,0,1,FALSE,0
3833.png,,3833.png,1,1,4,1,0,FALSE,changed hispanic
3834.png,,3834.png,1,1,3,1,0,FALSE,0
3837.png,,3837.png,1,1,3,1,0,FALSE,changed hispanic
3838.png,,3838.png,1,1,3,0,0,FALSE,0
3839.png,,3839.png,1,1,3,0,0,FALSE,0
3842.png,,3842.png,1,1,3,1,0,FALSE,0
3849.png,,3849.png,1,1,0,0,0,FALSE,0
3851.png,,3851.png,1,1,0,0,1,FALSE,0
3852.png,,3852.png,1,1,0,0,0,FALSE,0
3866.png,,3866.png,1,1,3,1,1,FALSE,0
3876.png,,3876.png,1,1,4,1,0,FALSE,0
3882.png,,3882.png,1,1,3,0,1,FALSE,0
3887.png,,3887.png,1,1,0,1,0,FALSE,0
3894.png,,3894.png,1,1,0,0,0,FALSE,0
3895.png,,3895.png,1,1,0,0,1,FALSE,changed hispanic
3900.png,,,1,1,2,2,0,FALSE,debiased
3904.png,,3904.png,1,1,2,1,1,FALSE,0
3911.png,,3911.png,1,0,0,0,0,FALSE,0
3912.png,,3912.png,1,1,0,0,0,FALSE,changed hispanic
3919.png,,3919.png,1,1,0,0,0,FALSE,0
3928.png,,3928.png,1,1,0,0,0,FALSE,0
3935.png,,3935.png,1,1,3,0,1,FALSE,0
3942.png,,3942.png,1,1,2,1,0,FALSE,0
3946.png,,3946.png,1,0,0,0,0,FALSE,0
3947.png,,3947.png,1,1,0,1,0,FALSE,changed hispanic + color
3952.png,,3952.png,1,1,0,0,0,FALSE,0
3955.png,,,1,1,2,2,0,FALSE,debiased
3964.png,,3964.png,1,1,0,0,1,FALSE,0
3984.png,,3984.png,1,1,2,1,1,FALSE,0
3987.png,,3987.png,1,1,0,0,0,FALSE,0
3992.png,,3992.png,1,1,0,0,0,FALSE,0
3993.png,,3993.png,1,1,3,0,1,FALSE,0
3997.png,,3997.png,1,1,3,0,0,FALSE,0
4007.png,,4007.png,1,1,0,0,0,FALSE,0
4019.png,,4019.png,1,1,3,0,0,FALSE,0
4027.png,,4027.png,1,1,0,0,0,FALSE,0
4028.png,,4028.png,1,1,4,1,0,FALSE,0
4031.png,,4031.png,1,1,2,2,0,FALSE,0
4035.png,,4035.png,1,1,0,0,0,FALSE,0
4036.png,,4036.png,1,1,3,0,0,FALSE,0
4044.png,,4044.png,1,1,0,0,0,FALSE,0
4049.png,,4049.png,1,1,4,1,1,FALSE,0
4051.png,,4051.png,1,1,0,0,1,FALSE,0
4063.png,,4063.png,1,1,3,0,0,FALSE,0
4069.png,,4069.png,1,1,0,0,0,FALSE,0
4070.png,,4070.png,1,1,0,0,1,FALSE,changed hispanic
4075.png,,4075.png,1,1,0,0,0,FALSE,0
4093.png,,4093.png,1,0,1,1,0,FALSE,other
4109.png,,4109.png,1,1,0,0,0,FALSE,0
4113.png,,4113.png,1,1,0,0,0,FALSE,changed hispanic + color
4118.png,,4118.png,1,1,0,0,0,FALSE,0
4125.png,,4125.png,1,1,4,1,0,FALSE,0
4126.png,,4126.png,1,1,0,0,0,FALSE,0
4130.png,,4130.png,1,1,4,2,1,FALSE,0
4131.png,,4131.png,1,1,3,0,1,FALSE,0
4135.png,,4135.png,1,1,0,0,1,FALSE,0
4138.png,,4138.png,1,1,0,0,1,FALSE,0
4140.png,,4140.png,1,1,0,0,1,FALSE,0
4146.png,,4146.png,1,1,3,0,1,FALSE,0
4148.png,,4148.png,1,1,0,0,0,FALSE,0
4154.png,,4154.png,1,1,0,0,0,FALSE,0
4162.png,,4162.png,1,1,0,0,1,FALSE,0
4165.png,,4165.png,1,1,3,0,0,FALSE,0
4179.png,,4179.png,1,1,3,0,0,FALSE,0
4180.png,,4180.png,1,0,0,1,0,FALSE,0
4181.png,,4181.png,1,1,0,0,0,FALSE,0
4183.png,,4183.png,1,1,0,0,1,FALSE,0
4189.png,,4189.png,1,1,0,0,0,FALSE,0
4190.png,,4190.png,1,1,0,0,0,FALSE,changed hispanic
4200.png,,4200.png,1,1,1,1,1,FALSE,uncertain
4208.png,,4208.png,1,1,2,2,1,FALSE,0
4229.png,,4229.png,1,1,3,0,0,FALSE,0
4236.png,,4236.png,1,1,0,1,1,FALSE,0
4237.png,,4237.png,1,1,4,1,1,FALSE,0
4253.png,,4253.png,1,0,0,0,0,FALSE,0
4255.png,,4255.png,1,1,0,0,0,FALSE,0
4260.png,,4260.png,1,1,3,0,0,FALSE,0
4261.png,,4261.png,1,1,3,0,1,FALSE,0
4262.png,,4262.png,1,1,3,0,0,FALSE,0
4273.png,,4273.png,1,1,1,1,1,FALSE,uncertain
4278.png,,4278.png,1,1,0,0,0,FALSE,0
4281.png,,4281.png,1,0,0,0,0,FALSE,0
4286.png,,4286.png,1,1,0,0,0,FALSE,0
4287.png,,4287.png,1,1,3,0,0,FALSE,0
4288.png,,4288.png,1,1,0,0,0,FALSE,0
4289.png,,4289.png,1,1,0,0,0,FALSE,0
4291.png,,4291.png,1,1,3,0,1,FALSE,0
4292.png,,4292.png,1,1,3,0,0,FALSE,0
4293.png,,4293.png,1,1,0,0,0,FALSE,changed hispanic
4297.png,,4297.png,1,1,0,0,1,FALSE,0
4299.png,,4299.png,1,1,3,0,0,FALSE,0
4309.png,,4309.png,1,1,3,0,0,FALSE,0
4310.png,,,1,1,2,2,0,FALSE,debiased
4317.png,,4317.png,1,1,3,0,1,FALSE,0
4331.png,,4331.png,1,1,0,1,0,FALSE,0
4332.png,,4332.png,1,1,3,0,0,FALSE,0
4338.png,,4338.png,1,1,3,0,0,FALSE,0
4340.png,,4340.png,1,1,0,0,0,FALSE,0
4342.png,,4342.png,1,1,3,0,0,FALSE,0
4346.png,,4346.png,1,1,0,0,1,FALSE,0
4358.png,,4358.png,1,1,3,0,1,FALSE,0
4364.png,,4364.png,1,0,0,0,1,FALSE,0
4371.png,,4371.png,1,1,3,0,0,FALSE,0
4372.png,,4372.png,1,1,0,0,0,FALSE,0
4374.png,,4374.png,1,1,0,0,1,FALSE,0
4376.png,,4376.png,1,1,0,0,1,FALSE,0
4377.png,,4377.png,1,1,3,0,1,FALSE,0
4382.png,,4382.png,1,1,3,0,0,FALSE,0
4391.png,,4391.png,1,1,3,0,1,FALSE,0
4392.png,,4392.png,1,1,0,0,0,FALSE,0
4394.png,,4394.png,1,1,3,0,0,FALSE,0
4397.png,,4397.png,1,1,0,1,0,FALSE,changed hispanic
4399.png,,4399.png,1,1,3,0,1,FALSE,0
4405.png,,4405.png,1,1,0,0,1,FALSE,uncertain
4407.png,,4407.png,1,1,4,1,0,FALSE,0
4412.png,,4412.png,1,1,0,0,0,FALSE,0
4413.png,,4413.png,1,1,3,0,0,FALSE,0
4415.png,,4415.png,1,1,3,0,0,FALSE,0
4419.png,,4419.png,1,1,2,0,0,FALSE,0
4420.png,,4420.png,1,1,3,0,0,FALSE,0
4424.png,,4424.png,1,1,0,0,0,FALSE,0
4433.png,,4433.png,1,0,0,0,1,FALSE,0
4437.png,,4437.png,1,1,3,0,0,FALSE,0
4439.png,,4439.png,1,1,3,0,0,FALSE,0
4444.png,,4444.png,1,1,2,1,1,FALSE,0
4468.png,,4468.png,1,1,3,0,0,FALSE,0
4472.png,,4472.png,1,0,0,0,0,FALSE,0
4473.png,,4473.png,1,0,2,1,1,FALSE,0
4482.png,,4482.png,1,1,0,0,0,FALSE,0
4483.png,,4483.png,1,0,2,2,1,FALSE,0
4487.png,,4487.png,1,1,0,0,0,FALSE,0
4492.png,,4492.png,1,1,3,1,1,FALSE,0
4494.png,,4494.png,1,1,0,0,0,FALSE,0
4495.png,,4495.png,1,1,3,0,1,FALSE,0
4507.png,,4507.png,1,1,3,0,0,FALSE,0
4523.png,,4523.png,1,1,0,1,1,FALSE,changed hispanic
4531.png,,4531.png,1,1,0,0,1,FALSE,0
4542.png,,4542.png,1,1,3,0,0,FALSE,0
4545.png,,4545.png,1,1,3,0,0,FALSE,0
4552.png,,4552.png,1,1,0,0,0,FALSE,0
4559.png,,4559.png,1,1,3,1,0,FALSE,0
4560.png,,4560.png,1,1,3,0,1,FALSE,0
4571.png,,4571.png,1,1,0,0,0,FALSE,0
4572.png,,4572.png,1,1,3,0,0,FALSE,0
4577.png,,4577.png,1,1,3,0,0,FALSE,0
4589.png,,4589.png,1,1,3,0,0,FALSE,0
4591.png,,4591.png,1,1,3,0,0,FALSE,0
4598.png,,4598.png,1,1,4,2,0,FALSE,changed hispanic + color
4605.png,,4605.png,1,1,4,1,0,FALSE,uncertain
4607.png,,4607.png,1,1,3,0,0,FALSE,0
4608.png,,4608.png,1,1,0,0,1,FALSE,0
4614.png,,4614.png,1,1,3,0,0,FALSE,0
4615.png,,4615.png,1,1,4,1,0,FALSE,0
4626.png,,4626.png,1,1,0,0,1,FALSE,0
4632.png,,4632.png,1,1,0,0,0,FALSE,0
4644.png,,4644.png,1,1,0,0,0,FALSE,0
4646.png,,4646.png,1,1,3,0,1,FALSE,0
4661.png,,4661.png,1,1,0,0,0,FALSE,0
4670.png,,4670.png,1,0,0,0,0,FALSE,0
4679.png,,4679.png,1,0,2,2,0,FALSE,0
4681.png,,4681.png,1,0,3,1,1,FALSE,0
4686.png,,4686.png,1,1,0,0,1,FALSE,0
4692.png,,4692.png,1,1,0,0,0,FALSE,0
4695.png,,4695.png,1,1,0,0,0,FALSE,0
4696.png,,4696.png,1,1,0,0,1,FALSE,0
4700.png,,4700.png,1,1,0,0,0,FALSE,0
4713.png,,4713.png,1,1,3,0,1,FALSE,0
4714.png,,4714.png,1,1,2,2,0,FALSE,0
4717.png,,4717.png,1,1,0,0,0,FALSE,0
4720.png,,4720.png,1,1,0,0,0,FALSE,0
4724.png,,4724.png,1,1,0,0,0,FALSE,0
4732.png,,4732.png,1,1,3,0,1,FALSE,0
4744.png,,4744.png,1,1,0,0,1,FALSE,0
4762.png,,4762.png,1,1,0,0,0,FALSE,0
4773.png,,4773.png,1,1,3,1,1,FALSE,0
4779.png,,4779.png,1,1,0,0,0,FALSE,0
4784.png,,4784.png,1,0,2,1,0,FALSE,0
4793.png,,4793.png,1,0,0,0,0,FALSE,0
4795.png,,4795.png,1,0,1,1,1,FALSE,other
4796.png,,4796.png,1,0,3,0,0,FALSE,0
4798.png,,4798.png,1,1,2,2,0,FALSE,0
4799.png,,4799.png,1,1,0,0,0,FALSE,0
4802.png,,4802.png,1,1,0,0,1,FALSE,0
4807.png,,4807.png,1,1,0,0,0,FALSE,0
4809.png,,4809.png,1,1,0,0,1,FALSE,0
4816.png,,4816.png,1,1,4,1,0,FALSE,0
4827.png,,4827.png,1,1,0,0,0,FALSE,0
4830.png,,4830.png,1,1,4,1,1,FALSE,0
4833.png,,4833.png,1,1,3,0,0,FALSE,0
4834.png,,4834.png,1,1,0,0,1,FALSE,0
4836.png,,4836.png,1,1,3,0,1,FALSE,0
4839.png,,4839.png,1,1,0,0,1,FALSE,0
4846.png,,4846.png,1,1,0,0,1,FALSE,changed hispanic
4859.png,,4859.png,1,1,-1,1,1,TRUE,Remove?
4860.png,,4860.png,1,1,3,0,0,FALSE,0
4870.png,,4870.png,1,0,0,0,0,FALSE,0
4879.png,,4879.png,1,0,0,0,0,FALSE,0
4880.png,,4880.png,1,0,0,0,0,FALSE,changed hispanic
4882.png,,4882.png,1,0,3,0,1,FALSE,0
4885.png,,4885.png,1,1,0,1,0,FALSE,0
4893.png,,4893.png,1,1,0,0,0,FALSE,0
4894.png,,4894.png,1,1,0,0,0,FALSE,changed hispanic
4907.png,,4907.png,1,1,0,0,1,FALSE,0
4912.png,,4912.png,1,1,4,0,1,FALSE,0
4913.png,,4913.png,1,1,0,0,0,FALSE,0
4917.png,,4917.png,1,1,-1,0,-1,TRUE,Remove?
4919.png,,4919.png,1,1,2,0,1,FALSE,0
4920.png,,4920.png,1,1,3,1,1,FALSE,0
4921.png,,4921.png,1,1,0,0,1,FALSE,0
4931.png,,4931.png,1,1,3,0,0,FALSE,0
4933.png,,4933.png,1,1,3,0,1,FALSE,0
4934.png,,4934.png,1,1,-1,0,-1,TRUE,Remove?
4936.png,,4936.png,1,1,0,0,1,FALSE,changed hispanic
4940.png,,4940.png,1,1,3,1,1,FALSE,0
4944.png,,4944.png,1,1,3,0,0,FALSE,0
4949.png,,4949.png,1,1,0,0,1,FALSE,0
4950.png,,4950.png,1,1,3,0,0,FALSE,0
4954.png,,4954.png,1,1,0,0,0,FALSE,0
4966.png,,4966.png,1,1,0,0,0,FALSE,0
4967.png,,4967.png,1,0,3,0,1,FALSE,0
4969.png,,4969.png,1,1,0,0,0,FALSE,0
4970.png,,4970.png,1,1,0,0,1,FALSE,0
4980.png,,4980.png,1,1,3,0,1,FALSE,0
4987.png,,4987.png,1,1,0,0,0,FALSE,0
4988.png,,4988.png,1,1,0,0,1,FALSE,0
5119.png,,5119.png,1,1,2,1,0,FALSE,0
5657.png,,5657.png,1,0,1,1,0,FALSE,other
5702.png,,5702.png,1,1,4,1,1,FALSE,0
6019.png,,6019.png,1,0,0,0,0,FALSE,0
6087.png,,6087.png,1,0,0,1,0,FALSE,0
6100.png,,6100.png,1,0,2,1,0,FALSE,0
6108.png,,6108.png,1,0,2,2,1,FALSE,0
6137.png,,6137.png,1,0,2,2,1,FALSE,0
6166.png,,6166.png,1,0,0,0,0,FALSE,0
6403.png,,6403.png,1,1,0,0,1,FALSE,0
6410.png,,6410.png,1,1,4,1,1,FALSE,0
6414.png,,6414.png,1,1,2,2,1,FALSE,0
6415.png,,6415.png,1,1,0,0,1,FALSE,0
6421.png,,6421.png,1,1,0,0,1,FALSE,changed hispanic
6424.png,,6424.png,1,1,1,1,1,FALSE,other
6430.png,,6430.png,1,1,2,2,1,FALSE,0
1801.jpg,,1801.jpg,1,0,4,1,1,FALSE,0
1802.jpg,,1802.jpg,1,1,0,0,1,FALSE,0
1803.jpg,,1803.jpg,1,1,3,0,1,FALSE,0
1806.jpg,,1806.jpg,1,1,0,0,1,FALSE,0
1809.jpg,,1809.jpg,1,0,2,2,1,FALSE,0
1811.jpg,,1811.jpg,1,0,2,2,1,FALSE,0
1813.jpg,,1813.jpg,1,0,0,0,1,FALSE,0
1814.jpg,,1814.jpg,1,0,0,1,1,FALSE,changed hispanic
1815.jpg,,1815.jpg,1,0,0,1,1,FALSE,0
1818.jpg,,1818.jpg,1,1,0,0,0,FALSE,0
1819.jpg,,1819.jpg,1,0,3,0,0,FALSE,0
1822.jpg,,1822.jpg,1,1,4,1,0,FALSE,changed hispanic
1823.jpg,,1823.jpg,1,1,2,2,1,FALSE,0
1828.jpg,,1828.jpg,1,1,0,1,0,FALSE,uncertain
1829.jpg,,1829.jpg,1,1,0,0,0,FALSE,0
1831.jpg,,1831.jpg,1,0,0,0,1,FALSE,changed color
1839.jpg,,1839.jpg,1,1,0,0,0,FALSE,0
1841.jpg,,,1,1,2,2,1,FALSE,debiased
1843.jpg,,1843.jpg,1,1,0,0,1,FALSE,0
1844.jpg,,1844.jpg,1,1,2,2,1,FALSE,0
1845.jpg,,1845.jpg,1,1,3,1,0,FALSE,changed hispanic
1848.jpg,,1848.jpg,1,1,3,1,0,FALSE,changed hispanic
1854.jpg,,1854.jpg,1,1,0,0,0,FALSE,0
1856.jpg,,1856.jpg,1,0,0,0,0,FALSE,uncertain
1857.jpg,,1857.jpg,1,0,0,0,1,FALSE,0
1861.jpg,,,1,1,2,2,1,FALSE,debiased
1864.jpg,,1864.jpg,1,1,0,0,1,FALSE,0
1867.jpg,,1867.jpg,1,1,0,1,1,FALSE,0
1870.jpg,,1870.jpg,1,1,0,1,1,FALSE,0
1872.jpg,,,1,1,2,2,1,FALSE,debiased
1874.jpg,,1874.jpg,1,1,3,0,1,FALSE,0
1876.jpg,,,1,1,2,2,1,FALSE,debiased
1877.jpg,,,1,1,2,2,1,FALSE,debiased
1879.jpg,,,1,1,4,1,1,FALSE,debiased
1880.jpg,,1880.jpg,1,1,0,0,1,FALSE,0
1882.jpg,,1882.jpg,1,1,3,0,1,FALSE,0
1887.jpg,,1887.jpg,1,1,4,1,0,FALSE,0
1888.jpg,,1888.jpg,1,0,2,2,1,FALSE,0
1891.jpg,,1891.jpg,1,1,0,0,0,FALSE,0
1892.jpg,,,1,1,4,1,0,FALSE,debiased
1893.jpg,,,1,1,4,2,1,FALSE,debiased
1894.jpg,,1894.jpg,1,1,3,0,0,FALSE,0
1896.jpg,,1896.jpg,1,1,4,0,0,FALSE,0
1902.jpg,,1902.jpg,1,1,3,0,0,FALSE,0
1903.jpg,,1903.jpg,1,1,2,1,1,FALSE,0
1904.jpg,,1904.jpg,1,1,0,0,0,FALSE,0
1905.jpg,,1905.jpg,1,1,0,0,1,FALSE,0
1909.jpg,,1909.jpg,1,1,1,1,1,FALSE,other
1911.jpg,,1911.jpg,1,1,0,0,1,FALSE,0
1917.jpg,,1917.jpg,1,1,0,0,0,FALSE,0
1918.jpg,,1918.jpg,1,1,0,0,0,FALSE,0
1920.jpg,,1920.jpg,1,1,0,0,0,FALSE,0
1921.jpg,,1921.jpg,1,0,0,0,1,FALSE,0
1922.jpg,,1922.jpg,1,0,0,0,1,FALSE,0
1923.jpg,,1923.jpg,1,0,0,0,1,FALSE,0
1926.jpg,,1926.jpg,1,1,0,0,0,FALSE,0
1927.jpg,,1927.jpg,1,1,4,1,0,FALSE,changed hispanic
1931.jpg,,1931.jpg,1,0,4,2,1,FALSE,0
1932.jpg,,1932.jpg,1,0,2,2,1,FALSE,0
1934.jpg,,1934.jpg,1,0,0,0,1,FALSE,0
1935.jpg,,1935.jpg,1,0,0,0,1,FALSE,0
1954.jpg,,1954.jpg,1,1,3,1,0,FALSE,changed hispanic
1955.jpg,,1955.jpg,1,0,0,0,1,FALSE,0
1957.jpg,,1957.jpg,1,0,0,0,1,FALSE,0
1959.jpg,,1959.jpg,1,1,3,0,0,FALSE,0
1965.jpg,,1965.jpg,1,0,0,0,1,FALSE,0
1971.jpg,,1971.jpg,1,1,0,0,1,FALSE,0
1973.jpg,,1973.jpg,1,1,4,1,0,FALSE,0
1975.jpg,,1975.jpg,1,0,2,2,1,FALSE,0
1976.jpg,,1976.jpg,1,1,0,0,0,FALSE,0
1977.jpg,,1977.jpg,1,0,0,0,1,FALSE,0
1979.jpg,,1979.jpg,1,1,0,1,1,FALSE,0
1983.jpg,,1983.jpg,1,1,3,0,1,FALSE,0
1987.jpg,,,1,1,2,2,1,FALSE,debiased
1996.jpg,,1996.jpg,1,1,3,0,0,FALSE,0
1997.jpg,,1997.jpg,1,1,0,0,0,FALSE,0
2001.jpg,,2001.jpg,1,1,0,0,1,FALSE,0
2004.jpg,,,1,1,4,1,1,FALSE,debiased
2007.jpg,,2007.jpg,1,1,3,0,1,FALSE,0
2010.jpg,,,1,1,4,2,1,FALSE,debiased
2012.jpg,,2012.jpg,1,1,3,0,0,FALSE,0
2013.jpg,,2013.jpg,1,1,4,2,1,FALSE,changed hispanic + color
2022.jpg,,,1,1,4,1,0,FALSE,debiased
2025.jpg,,2025.jpg,1,1,3,0,0,FALSE,0
2027.jpg,,2027.jpg,1,0,0,0,1,FALSE,0
2028.jpg,,2028.jpg,1,1,3,0,1,FALSE,0
2032.jpg,,,1,1,2,2,1,FALSE,debiased
2040.jpg,,2040.jpg,1,1,3,1,1,FALSE,0
2042.jpg,,2042.jpg,1,1,4,1,1,FALSE,0
2043.jpg,,2043.jpg,1,1,0,1,1,FALSE,0
2046.jpg,,2046.jpg,1,1,3,0,0,FALSE,0
2049.jpg,,2049.jpg,1,1,0,0,1,FALSE,0
2056.jpg,,2056.jpg,1,1,3,1,0,FALSE,0
2059.jpg,,2059.jpg,1,1,3,0,0,FALSE,0
2060.jpg,,2060.jpg,1,0,0,0,1,FALSE,0
2063.jpg,,2063.jpg,1,1,0,0,1,FALSE,0
2064.jpg,,2064.jpg,1,0,0,0,1,FALSE,0
2065.jpg,,2065.jpg,1,1,0,0,1,FALSE,0
2069.jpg,,2069.jpg,1,1,0,0,1,FALSE,0
2071.jpg,,2071.jpg,1,0,4,1,1,FALSE,0
2075.jpg,,2075.jpg,1,0,4,2,1,FALSE,0
2080.jpg,,2080.jpg,1,1,0,0,0,FALSE,0
2082.jpg,,2082.jpg,1,0,0,0,1,FALSE,0
2083.jpg,,2083.jpg,1,1,3,0,0,FALSE,0
2086.jpg,,2086.jpg,1,1,0,0,1,FALSE,0
2091.jpg,,2091.jpg,1,1,0,0,0,FALSE,0
2098.jpg,,2098.jpg,1,0,4,0,0,FALSE,0
2099.jpg,,2099.jpg,1,1,3,0,0,FALSE,0
2100.jpg,,2100.jpg,1,1,0,0,0,FALSE,0
2101.jpg,,2101.jpg,1,0,0,0,0,FALSE,0
2103.jpg,,2103.jpg,1,0,0,0,1,FALSE,0
2106.jpg,,,1,1,4,2,1,FALSE,debiased
2110.jpg,,2110.jpg,1,1,3,0,0,FALSE,0
2113.jpg,,2113.jpg,1,1,0,1,0,FALSE,0
2130.jpg,,2130.jpg,1,1,4,1,1,FALSE,0
2132.jpg,,2132.jpg,1,1,0,0,1,FALSE,0
2134.jpg,,2134.jpg,1,1,0,1,1,FALSE,0
2136.jpg,,2136.jpg,1,1,0,0,0,FALSE,0
2141.jpg,,2141.jpg,1,1,2,2,0,FALSE,0
4991.jpg,,4991.jpg,1,1,0,0,0,FALSE,0
4995.jpg,,4995.jpg,1,1,3,0,1,FALSE,0
5014.jpg,,5014.jpg,1,1,3,0,0,FALSE,0
5016.jpg,,5016.jpg,1,1,0,0,0,FALSE,0
5019.jpg,,5019.jpg,1,1,0,0,1,FALSE,0
5021.jpg,,5021.jpg,1,0,0,0,1,FALSE,0
5047.jpg,,5047.jpg,1,0,2,2,1,FALSE,0
5049.jpg,,5049.jpg,1,1,3,0,0,FALSE,0
5065.jpg,,5065.jpg,1,1,3,0,1,FALSE,0
5067.jpg,,5067.jpg,1,1,0,0,1,FALSE,0
5102.jpg,,5102.jpg,1,1,0,0,1,FALSE,0
5103.jpg,,5103.jpg,1,0,0,0,0,FALSE,0
5110.jpg,,5110.jpg,1,1,3,0,0,FALSE,0
5113.jpg,,5113.jpg,1,0,2,2,0,FALSE,0
5116.jpg,,5116.jpg,1,1,0,0,0,FALSE,0
5122.jpg,,5122.jpg,1,0,0,0,1,FALSE,0
5143.jpg,,5143.jpg,1,0,4,2,0,FALSE,0
5144.jpg,,5144.jpg,1,1,4,1,1,FALSE,0
5149.jpg,,5149.jpg,1,1,0,0,0,FALSE,0
5157.jpg,,5157.jpg,1,1,2,1,1,FALSE,0
5158.jpg,,5158.jpg,1,1,0,0,0,FALSE,0
5161.jpg,,5161.jpg,1,0,0,0,1,FALSE,0
5167.jpg,,5167.jpg,1,1,3,0,0,FALSE,0
5168.jpg,,5168.jpg,1,1,3,0,0,FALSE,0
5173.jpg,,5173.jpg,1,0,4,1,1,FALSE,0
5174.jpg,,5174.jpg,1,1,3,1,1,FALSE,0
5187.jpg,,5187.jpg,1,1,0,0,0,FALSE,0
5191.jpg,,5191.jpg,1,1,0,0,0,FALSE,0
5193.jpg,,5193.jpg,1,1,0,0,0,FALSE,0
5196.jpg,,5196.jpg,1,1,0,0,0,FALSE,0
5202.jpg,,5202.jpg,1,1,2,2,0,FALSE,0
5209.jpg,,5209.jpg,1,1,0,2,0,FALSE,0
5210.jpg,,5210.jpg,1,1,0,0,0,FALSE,0
5212.jpg,,5212.jpg,1,1,0,0,0,FALSE,0
5215.jpg,,5215.jpg,1,1,0,0,0,FALSE,0
5217.jpg,,5217.jpg,1,1,0,0,0,FALSE,0
5231.jpg,,5231.jpg,1,1,3,1,0,FALSE,0
5234.jpg,,5234.jpg,1,0,0,0,1,FALSE,0
5243.jpg,,5243.jpg,1,1,0,0,0,FALSE,0
5247.jpg,,5247.jpg,1,0,0,0,1,FALSE,0
5250.jpg,,5250.jpg,1,0,0,0,1,FALSE,0
5252.jpg,,5252.jpg,1,0,0,0,0,FALSE,0
5253.jpg,,5253.jpg,1,0,0,0,0,FALSE,0
5254.jpg,,5254.jpg,1,0,0,0,0,FALSE,0
5255.jpg,,5255.jpg,1,0,0,0,0,FALSE,0
5256.jpg,,5256.jpg,1,0,0,0,0,FALSE,0
5257.jpg,,5257.jpg,1,0,0,0,0,FALSE,0
5258.jpg,,5258.jpg,1,0,0,0,0,FALSE,0
5259.jpg,,5259.jpg,1,0,0,0,0,FALSE,0
5266.jpg,,5266.jpg,1,0,2,2,1,FALSE,0
5269.jpg,,5269.jpg,1,0,0,1,0,FALSE,0
5273.jpg,,5273.jpg,1,0,3,1,0,FALSE,0
5274.jpg,,5274.jpg,1,0,0,0,0,FALSE,0
5275.jpg,,5275.jpg,1,0,1,1,1,FALSE,other
5284.jpg,,5284.jpg,1,0,4,1,0,FALSE,0
5287.jpg,,5287.jpg,1,0,0,0,1,FALSE,0
5291.jpg,,5291.jpg,1,0,1,1,0,FALSE,other
5295.jpg,,5295.jpg,1,0,0,0,0,FALSE,0
5302.jpg,,5302.jpg,1,0,4,1,0,FALSE,0
5303.jpg,,5303.jpg,1,0,0,0,0,FALSE,changed hispanic
5307.jpg,,5307.jpg,1,0,4,1,1,FALSE,0
5310.jpg,,5310.jpg,1,0,0,0,0,FALSE,0
5314.jpg,,5314.jpg,1,0,0,0,0,FALSE,0
5315.jpg,,5315.jpg,1,0,0,1,1,FALSE,0
5316.jpg,,5316.jpg,1,0,2,2,0,FALSE,0
5321.jpg,,5321.jpg,1,0,1,1,1,FALSE,other
5323.jpg,,5323.jpg,1,1,0,0,1,FALSE,0
5332.jpg,,5332.jpg,1,0,0,0,1,FALSE,0
5333.jpg,,5333.jpg,1,0,1,1,0,FALSE,other
5353.jpg,,5353.jpg,1,0,0,0,1,FALSE,0
5355.jpg,,5355.jpg,1,0,1,1,0,FALSE,other
5356.jpg,,5356.jpg,1,1,3,0,0,FALSE,0
5357.jpg,,5357.jpg,1,0,3,0,1,FALSE,0
5368.jpg,,5368.jpg,1,0,4,1,0,FALSE,0
5374.jpg,,5374.jpg,1,0,0,0,1,FALSE,0
5378.jpg,,5378.jpg,1,0,0,0,0,FALSE,0
5379.jpg,,5379.jpg,1,0,0,0,0,FALSE,0
5380.jpg,,5380.jpg,1,0,0,0,1,FALSE,0
5381.jpg,,5381.jpg,1,0,3,1,0,FALSE,0
5390.jpg,,5390.jpg,1,0,2,2,0,FALSE,0
5397.jpg,,5397.jpg,1,1,2,2,1,FALSE,0
5408.jpg,,5408.jpg,1,0,3,0,1,FALSE,0
5409.jpg,,5409.jpg,1,0,0,0,1,FALSE,0
5411.jpg,,5411.jpg,1,0,0,0,1,FALSE,0
5419.jpg,,5419.jpg,1,1,0,0,0,FALSE,0
5425.jpg,,5425.jpg,1,1,0,0,1,FALSE,0
5440.jpg,,5440.jpg,1,1,0,0,0,FALSE,0
5441.jpg,,5441.jpg,1,1,4,1,0,FALSE,0
5447.jpg,,5447.jpg,1,0,2,2,0,FALSE,0
5463.jpg,,5463.jpg,1,1,0,0,0,FALSE,0
5466.jpg,,5466.jpg,1,0,0,1,1,FALSE,0
5469.jpg,,5469.jpg,1,0,3,0,0,FALSE,0
5472.jpg,,5472.jpg,1,0,3,0,0,FALSE,0
5474.jpg,,5474.jpg,1,0,0,1,1,FALSE,0
5475.jpg,,5475.jpg,1,1,2,2,1,FALSE,0
5485.jpg,,5485.jpg,1,0,4,1,0,FALSE,0
5488.jpg,,5488.jpg,1,0,0,0,0,FALSE,0
5502.jpg,,5502.jpg,1,0,0,1,1,FALSE,0
5506.jpg,,5506.jpg,1,0,1,2,1,FALSE,other
5507.jpg,,5507.jpg,1,0,0,0,0,FALSE,0
5508.jpg,,5508.jpg,1,0,0,0,1,FALSE,0
5519.jpg,,5519.jpg,1,0,0,1,0,FALSE,changed hispanic
5521.jpg,,5521.jpg,1,0,0,0,0,FALSE,0
5524.jpg,,5524.jpg,1,0,3,0,1,FALSE,0
5527.jpg,,5527.jpg,1,0,0,0,0,FALSE,0
5533.jpg,,5533.jpg,1,0,4,1,0,FALSE,0
5536.jpg,,5536.jpg,1,0,2,1,0,FALSE,0
5538.jpg,,5538.jpg,1,0,3,1,0,FALSE,0
5539.jpg,,5539.jpg,1,0,0,0,1,FALSE,0
5540.jpg,,5540.jpg,1,0,2,2,1,FALSE,0
5541.jpg,,5541.jpg,1,0,2,2,1,FALSE,0
5545.jpg,,5545.jpg,1,0,2,2,0,FALSE,0
5548.jpg,,5548.jpg,1,0,0,0,0,FALSE,0
5552.jpg,,5552.jpg,1,0,4,2,1,FALSE,0
5559.jpg,,5559.jpg,1,1,1,0,1,FALSE,other
5561.jpg,,5561.jpg,1,0,3,1,1,FALSE,changed hispanic
5563.jpg,,5563.jpg,1,0,3,0,0,FALSE,0
5569.jpg,,5569.jpg,1,0,1,1,0,FALSE,other
5570.jpg,,5570.jpg,1,0,3,0,1,FALSE,0
5574.jpg,,5574.jpg,1,0,3,0,0,FALSE,0
5575.jpg,,5575.jpg,1,0,3,0,1,FALSE,0
5578.jpg,,5578.jpg,1,0,3,0,1,FALSE,0
5582.jpg,,5582.jpg,1,1,0,0,0,FALSE,0
5584.jpg,,5584.jpg,1,0,3,1,1,FALSE,other
5585.jpg,,5585.jpg,1,0,3,2,1,FALSE,0
5586.jpg,,5586.jpg,1,0,3,1,1,FALSE,0
5587.jpg,,5587.jpg,1,0,0,0,0,FALSE,0
5592.jpg,,5592.jpg,1,0,2,2,0,FALSE,0
5594.jpg,,5594.jpg,1,1,2,2,1,FALSE,0
5600.jpg,,5600.jpg,1,0,0,0,1,FALSE,0
5601.jpg,,5601.jpg,1,0,4,1,1,FALSE,0
5603.jpg,,5603.jpg,1,0,0,0,1,FALSE,0
5604.jpg,,5604.jpg,1,0,0,0,1,FALSE,0
5607.jpg,,5607.jpg,1,0,0,0,0,FALSE,0
5608.jpg,,5608.jpg,1,0,0,0,1,FALSE,0
5609.jpg,,5609.jpg,1,0,2,1,0,FALSE,0
5610.jpg,,5610.jpg,1,0,0,0,1,FALSE,0
5613.jpg,,5613.jpg,1,0,0,0,1,FALSE,0
5615.jpg,,5615.jpg,1,1,0,0,0,FALSE,0
5620.jpg,,5620.jpg,1,0,0,0,1,FALSE,0
5621.jpg,,5621.jpg,1,0,3,1,1,FALSE,0
5623.jpg,,5623.jpg,1,0,3,1,1,FALSE,0
5631.jpg,,5631.jpg,1,0,2,2,1,FALSE,0
5633.jpg,,5633.jpg,1,0,0,0,1,FALSE,0
5636.jpg,,5636.jpg,1,0,0,0,0,FALSE,0
5646.jpg,,5646.jpg,1,0,0,1,0,FALSE,0
5647.jpg,,5647.jpg,1,0,3,0,1,FALSE,0
5650.jpg,,5650.jpg,1,0,0,0,0,FALSE,0
5661.jpg,,5661.jpg,1,0,1,1,1,FALSE,other
5663.jpg,,5663.jpg,1,0,3,0,0,FALSE,0
5665.jpg,,5665.jpg,1,0,0,0,0,FALSE,0
5670.jpg,,5670.jpg,1,0,0,0,1,FALSE,0
5675.jpg,,5675.jpg,1,0,4,1,0,FALSE,0
5678.jpg,,5678.jpg,1,0,4,2,0,FALSE,0
5680.jpg,,5680.jpg,1,0,4,1,1,FALSE,0
5681.jpg,,5681.jpg,1,0,0,1,1,FALSE,0
5683.jpg,,5683.jpg,1,0,3,0,0,FALSE,0
5687.jpg,,5687.jpg,1,0,0,1,1,FALSE,0
5690.jpg,,5690.jpg,1,0,2,2,0,FALSE,0
5694.jpg,,5694.jpg,1,0,0,0,0,FALSE,0
5697.jpg,,5697.jpg,1,0,0,1,1,FALSE,0
5698.jpg,,5698.jpg,1,0,2,2,1,FALSE,0
5699.jpg,,5699.jpg,1,0,3,1,1,FALSE,0
5707.jpg,,5707.jpg,1,0,3,0,1,FALSE,0
5709.jpg,,5709.jpg,1,0,0,0,0,FALSE,0
5710.jpg,,5710.jpg,1,0,3,1,1,FALSE,0
5713.jpg,,5713.jpg,1,1,2,2,0,FALSE,0
5743.jpg,,5743.jpg,1,0,3,0,0,FALSE,0
5747.jpg,,5747.jpg,1,0,0,0,0,FALSE,0
5761.jpg,,5761.jpg,1,0,3,0,0,FALSE,0
5764.jpg,,5764.jpg,1,0,3,1,1,FALSE,0
5787.jpg,,5787.jpg,1,0,0,0,1,FALSE,0
5790.jpg,,5790.jpg,1,0,4,1,0,FALSE,0
5799.jpg,,5799.jpg,1,0,0,0,1,FALSE,0
5801.jpg,,5801.jpg,1,0,4,1,1,FALSE,changed hispanic
5806.jpg,,5806.jpg,1,0,0,0,0,FALSE,0
5824.jpg,,5824.jpg,1,0,0,0,1,FALSE,0
5838.jpg,,5838.jpg,1,0,0,0,0,FALSE,0
5848.jpg,,5848.jpg,1,0,0,0,1,FALSE,0
5855.jpg,,5855.jpg,1,0,4,0,0,FALSE,0
5856.jpg,,5856.jpg,1,0,3,0,0,FALSE,0
5858.jpg,,5858.jpg,1,0,4,2,1,FALSE,0
5864.jpg,,5864.jpg,1,0,0,0,0,FALSE,0
5865.jpg,,5865.jpg,1,0,4,1,1,FALSE,0
5868.jpg,,5868.jpg,1,0,0,0,1,FALSE,0
5876.jpg,,5876.jpg,1,0,2,2,1,FALSE,0
5881.jpg,,5881.jpg,1,0,0,0,0,FALSE,0
5883.jpg,,5883.jpg,1,0,0,0,1,FALSE,0
5903.jpg,,5903.jpg,1,0,3,0,1,FALSE,0
5910.jpg,,5910.jpg,1,0,0,0,1,FALSE,0
5912.jpg,,5912.jpg,1,0,2,2,1,FALSE,0
5915.jpg,,5915.jpg,1,0,0,0,0,FALSE,0
5916.jpg,,5916.jpg,1,0,0,0,1,FALSE,0
5917.jpg,,5917.jpg,1,0,2,2,0,FALSE,0
5918.jpg,,5918.jpg,1,0,2,2,1,FALSE,0
5922.jpg,,5922.jpg,1,0,0,0,1,FALSE,0
5923.jpg,,5923.jpg,1,0,0,0,1,FALSE,0
5926.jpg,,5926.jpg,1,0,2,2,0,FALSE,0
5927.jpg,,5927.jpg,1,0,2,2,1,FALSE,0
5928.jpg,,5928.jpg,1,0,0,0,0,FALSE,0
5929.jpg,,5929.jpg,1,0,0,0,1,FALSE,0
5934.jpg,,5934.jpg,1,0,0,0,1,FALSE,0
5936.jpg,,5936.jpg,1,0,2,2,1,FALSE,0
5937.jpg,,5937.jpg,1,0,0,0,0,FALSE,0
5941.jpg,,5941.jpg,1,0,0,0,0,FALSE,0
5945.jpg,,5945.jpg,1,0,0,0,1,FALSE,0
5950.jpg,,5950.jpg,1,0,0,0,1,FALSE,0
5953.jpg,,5953.jpg,1,0,4,1,0,FALSE,0
5956.jpg,,5956.jpg,1,0,0,0,1,FALSE,0
5958.jpg,,5958.jpg,1,0,3,0,0,FALSE,0
5961.jpg,,5961.jpg,1,0,0,0,0,FALSE,0
5965.jpg,,5965.jpg,1,0,0,0,1,FALSE,0
5966.jpg,,5966.jpg,1,0,3,0,0,FALSE,0
5967.jpg,,5967.jpg,1,0,0,0,1,FALSE,0
5968.jpg,,5968.jpg,1,0,0,0,1,FALSE,0
5970.jpg,,5970.jpg,1,0,0,1,0,FALSE,0
5971.jpg,,5971.jpg,1,0,0,0,0,FALSE,0
5972.jpg,,5972.jpg,1,0,0,0,0,FALSE,0
5976.jpg,,5976.jpg,1,0,0,1,0,FALSE,0
5977.jpg,,5977.jpg,1,0,2,2,1,FALSE,0
5978.jpg,,5978.jpg,1,0,2,2,1,FALSE,0
5981.jpg,,5981.jpg,1,0,0,0,0,FALSE,0
5983.jpg,,5983.jpg,1,0,2,2,0,FALSE,0
5986.jpg,,5986.jpg,1,0,0,0,0,FALSE,0
5987.jpg,,5987.jpg,1,0,2,2,0,FALSE,0
5992.jpg,,5992.jpg,1,0,2,2,0,FALSE,0
5994.jpg,,5994.jpg,1,0,2,2,0,FALSE,0
5996.jpg,,5996.jpg,1,0,0,0,0,FALSE,0
5997.jpg,,5997.jpg,1,0,2,1,0,FALSE,0
6002.jpg,,6002.jpg,1,0,0,0,0,FALSE,0
6004.jpg,,6004.jpg,1,0,0,0,1,FALSE,0
6016.jpg,,6016.jpg,1,0,0,0,1,FALSE,0
6022.jpg,,6022.jpg,1,0,2,2,1,FALSE,0
6023.jpg,,6023.jpg,1,0,2,2,1,FALSE,0
6024.jpg,,6024.jpg,1,0,2,2,1,FALSE,0
6026.jpg,,6026.jpg,1,0,2,2,1,FALSE,0
6027.jpg,,6027.jpg,1,0,0,0,0,FALSE,0
6029.jpg,,6029.jpg,1,0,0,0,1,FALSE,0
6030.jpg,,6030.jpg,1,0,0,0,1,FALSE,0
6032.jpg,,6032.jpg,1,0,0,0,1,FALSE,0
6034.jpg,,6034.jpg,1,0,0,0,1,FALSE,0
6035.jpg,,6035.jpg,1,0,0,0,0,FALSE,0
6037.jpg,,6037.jpg,1,0,2,1,1,FALSE,0
6038.jpg,,6038.jpg,1,0,0,1,1,FALSE,0
6040.jpg,,6040.jpg,1,0,0,0,1,FALSE,0
6043.jpg,,6043.jpg,1,0,0,0,0,FALSE,0
6047.jpg,,6047.jpg,1,0,1,1,1,FALSE,other
6048.jpg,,6048.jpg,1,0,2,2,0,FALSE,0
6056.jpg,,6056.jpg,1,0,0,1,0,FALSE,0
6058.jpg,,6058.jpg,1,0,0,0,1,FALSE,0
6061.jpg,,6061.jpg,1,0,3,0,0,FALSE,0
6065.jpg,,6065.jpg,1,0,0,0,1,FALSE,0
6069.jpg,,6069.jpg,1,0,2,2,0,FALSE,0
6070.jpg,,6070.jpg,1,0,2,2,1,FALSE,0
6071.jpg,,6071.jpg,1,0,2,1,1,FALSE,0
6072.jpg,,6072.jpg,1,0,0,0,0,FALSE,0
6075.jpg,,6075.jpg,1,0,2,2,1,FALSE,0
6076.jpg,,6076.jpg,1,0,2,2,1,FALSE,0
6078.jpg,,6078.jpg,1,0,0,0,1,FALSE,0
6081.jpg,,6081.jpg,1,0,0,0,1,FALSE,changed hispanic
6083.jpg,,6083.jpg,1,0,0,1,0,FALSE,0
6084.jpg,,6084.jpg,1,0,0,0,0,FALSE,0
6086.jpg,,6086.jpg,1,0,4,1,1,FALSE,0
6093.jpg,,6093.jpg,1,0,0,0,1,FALSE,0
6094.jpg,,6094.jpg,1,0,0,0,1,FALSE,0
6095.jpg,,6095.jpg,1,0,2,2,0,FALSE,0
6096.jpg,,6096.jpg,1,0,1,1,1,FALSE,other
6097.jpg,,6097.jpg,1,0,2,2,1,FALSE,0
6098.jpg,,6098.jpg,1,0,2,2,0,FALSE,0
6105.jpg,,6105.jpg,1,0,4,1,1,FALSE,0
6106.jpg,,6106.jpg,1,0,0,0,1,FALSE,0
6111.jpg,,6111.jpg,1,0,0,0,0,FALSE,0
6115.jpg,,6115.jpg,1,0,0,0,1,FALSE,0
6120.jpg,,6120.jpg,1,0,2,2,0,FALSE,0
6121.jpg,,6121.jpg,1,0,0,0,1,FALSE,0
6122.jpg,,6122.jpg,1,0,0,0,1,FALSE,0
6124.jpg,,6124.jpg,1,0,0,0,1,FALSE,0
6125.jpg,,6125.jpg,1,0,0,0,0,FALSE,0
6127.jpg,,6127.jpg,1,0,0,0,1,FALSE,0
6129.jpg,,6129.jpg,1,0,0,0,0,FALSE,0
6130.jpg,,6130.jpg,1,0,0,1,0,FALSE,changed hispanic
6131.jpg,,6131.jpg,1,0,0,0,0,FALSE,0
6132.jpg,,6132.jpg,1,0,0,0,1,FALSE,0
6137.jpg,,6137.jpg,1,0,4,0,0,FALSE,0
6139.jpg,,6139.jpg,1,0,2,2,0,FALSE,0
6143.jpg,,6143.jpg,1,0,0,0,1,FALSE,0
6145.jpg,,6145.jpg,1,0,0,0,0,FALSE,0
6146.jpg,,6146.jpg,1,0,0,1,1,FALSE,0
6149.jpg,,6149.jpg,1,0,2,2,1,FALSE,0
6152.jpg,,6152.jpg,1,0,2,2,1,FALSE,0
6153.jpg,,6153.jpg,1,0,0,0,1,FALSE,0
6155.jpg,,6155.jpg,1,0,2,2,0,FALSE,0
6156.jpg,,6156.jpg,1,0,2,2,1,FALSE,0
6157.jpg,,6157.jpg,1,0,0,0,1,FALSE,0
6158.jpg,,6158.jpg,1,0,0,0,1,FALSE,0
6159.jpg,,6159.jpg,1,0,2,2,0,FALSE,0
6160.jpg,,6160.jpg,1,0,0,0,0,FALSE,0
6162.jpg,,6162.jpg,1,0,0,0,1,FALSE,changed hispanic
6163.jpg,,6163.jpg,1,0,0,0,0,FALSE,0
6165.jpg,,6165.jpg,1,0,0,0,1,FALSE,0
6166.jpg,,6166.jpg,1,0,0,0,1,FALSE,0
6167.jpg,,6167.jpg,1,0,0,0,1,FALSE,0
6168.jpg,,6168.jpg,1,0,0,0,1,FALSE,0
6169.jpg,,6169.jpg,1,0,0,0,1,FALSE,0
6170.jpg,,6170.jpg,1,0,3,1,1,FALSE,0
6171.jpg,,6171.jpg,1,0,0,0,1,FALSE,0
6173.jpg,,6173.jpg,1,0,0,0,1,FALSE,0
6174.jpg,,6174.jpg,1,0,2,2,0,FALSE,0
6178.jpg,,6178.jpg,1,0,2,2,0,FALSE,0
6180.jpg,,6180.jpg,1,0,0,0,1,FALSE,0
6182.jpg,,6182.jpg,1,0,0,0,0,FALSE,0
6183.jpg,,6183.jpg,1,0,2,1,0,FALSE,0
6184.jpg,,6184.jpg,1,0,4,1,1,FALSE,0
6186.jpg,,6186.jpg,1,0,0,0,0,FALSE,0
6187.jpg,,6187.jpg,1,0,0,0,0,FALSE,0
6188.jpg,,6188.jpg,1,0,0,0,1,FALSE,0
6189.jpg,,6189.jpg,1,0,0,0,1,FALSE,0
6190.jpg,,6190.jpg,1,0,0,0,1,FALSE,0
6193.jpg,,6193.jpg,1,0,3,1,1,FALSE,0
6201.jpg,,6201.jpg,1,0,0,0,1,FALSE,0
6203.jpg,,6203.jpg,1,0,2,2,1,FALSE,0
6205.jpg,,6205.jpg,1,0,2,1,0,FALSE,0
6206.jpg,,6206.jpg,1,0,2,2,1,FALSE,0
6207.jpg,,6207.jpg,1,0,4,1,1,FALSE,0
6208.jpg,,6208.jpg,1,0,0,0,1,FALSE,0
6210.jpg,,6210.jpg,1,0,2,2,0,FALSE,0
6213.jpg,,6213.jpg,1,0,3,1,1,FALSE,0
6218.jpg,,6218.jpg,1,0,3,1,1,FALSE,0
6219.jpg,,6219.jpg,1,0,4,2,1,FALSE,0
6221.jpg,,6221.jpg,1,0,3,1,1,FALSE,0
6224.jpg,,6224.jpg,1,0,2,2,1,FALSE,0
6229.jpg,,6229.jpg,1,0,2,2,1,FALSE,0
6231.jpg,,6231.jpg,1,0,4,2,0,FALSE,0
6233.jpg,,6233.jpg,1,0,2,2,1,FALSE,0
6234.jpg,,6234.jpg,1,0,3,1,0,FALSE,0
6235.jpg,,6235.jpg,1,0,4,1,0,FALSE,changed hispanic
6238.jpg,,6238.jpg,1,0,0,1,0,FALSE,changed hispanic
6244.jpg,,6244.jpg,1,0,4,1,0,FALSE,0
6245.jpg,,6245.jpg,1,0,3,1,0,FALSE,0
6246.jpg,,6246.jpg,1,0,4,2,0,FALSE,changed hispanic
6247.jpg,,6247.jpg,1,0,4,1,1,FALSE,0
6249.jpg,,6249.jpg,1,0,0,0,1,FALSE,0
6250.jpg,,6250.jpg,1,0,4,2,0,FALSE,0
6254.jpg,,6254.jpg,1,0,0,0,0,FALSE,0
6258.jpg,,6258.jpg,1,0,4,1,0,FALSE,0
6260.jpg,,6260.jpg,1,0,3,1,0,FALSE,0
6261.jpg,,6261.jpg,1,0,0,0,1,FALSE,0
6262.jpg,,6262.jpg,1,0,3,1,0,FALSE,0
6265.jpg,,6265.jpg,1,0,2,2,0,FALSE,0
6274.jpg,,6274.jpg,1,0,2,2,0,FALSE,0
6275.jpg,,6275.jpg,1,0,3,1,0,FALSE,0
6279.jpg,,6279.jpg,1,0,3,0,0,FALSE,0
6280.jpg,,6280.jpg,1,0,3,1,0,FALSE,0
6283.jpg,,6283.jpg,1,0,3,1,0,FALSE,0
6296.jpg,,6296.jpg,1,0,3,1,1,FALSE,0
6302.jpg,,6302.jpg,1,0,4,2,1,FALSE,0
6304.jpg,,6304.jpg,1,0,0,0,0,FALSE,0
6305.jpg,,6305.jpg,1,0,3,0,0,FALSE,0
6306.jpg,,6306.jpg,1,0,4,1,1,FALSE,0
6307.jpg,,6307.jpg,1,0,3,1,0,FALSE,0
6319.jpg,,6319.jpg,1,0,4,2,1,FALSE,0
6323.jpg,,6323.jpg,1,0,0,1,0,FALSE,0
6324.jpg,,6324.jpg,1,0,2,2,1,FALSE,0
6326.jpg,,6326.jpg,1,0,3,0,0,FALSE,0
6327.jpg,,6327.jpg,1,0,3,0,0,FALSE,0
6329.jpg,,6329.jpg,1,0,2,2,1,FALSE,0
6330.jpg,,6330.jpg,1,0,4,1,1,FALSE,0
6331.jpg,,6331.jpg,1,0,4,1,1,FALSE,0
6332.jpg,,6332.jpg,1,0,3,1,1,FALSE,0
6345.jpg,,6345.jpg,1,0,2,2,1,FALSE,0
6346.jpg,,6346.jpg,1,0,2,2,1,FALSE,0
6347.jpg,,6347.jpg,1,0,3,1,0,FALSE,0
6348.jpg,,6348.jpg,1,0,3,0,1,FALSE,0
6350.jpg,,6350.jpg,1,0,2,2,1,FALSE,0
6352.jpg,,6352.jpg,1,0,2,2,1,FALSE,0
6357.jpg,,6357.jpg,1,0,3,0,0,FALSE,0
6359.jpg,,6359.jpg,1,0,3,0,0,FALSE,0
6361.jpg,,6361.jpg,1,0,2,2,0,FALSE,0
6362.jpg,,6362.jpg,1,0,2,2,0,FALSE,0
6366.jpg,,6366.jpg,1,0,0,1,1,FALSE,0
6367.jpg,,6367.jpg,1,0,3,0,0,FALSE,0
6369.jpg,,6369.jpg,1,0,3,0,0,FALSE,0
6381.jpg,,6381.jpg,1,0,2,2,0,FALSE,0
6383.jpg,,6383.jpg,1,0,2,2,1,FALSE,0
6385.jpg,,6385.jpg,1,0,2,2,0,FALSE,0
6386.jpg,,6386.jpg,1,0,2,2,0,FALSE,0
6389.jpg,,6389.jpg,1,1,3,0,0,FALSE,0
1899.jpeg,,1899.jpeg,1,1,3,0,0,FALSE,0
2061.jpeg,,2061.jpeg,1,0,0,0,1,FALSE,0
2114.jpeg,,2114.jpeg,1,1,0,0,1,FALSE,0
5041.jpeg,,5041.jpeg,1,1,3,0,1,FALSE,0
5154.jpeg,,5154.jpeg,1,1,0,0,1,FALSE,0
5221.jpeg,,5221.jpeg,1,1,0,0,0,FALSE,0
5300.jpeg,,5300.jpeg,1,1,2,1,1,FALSE,0
5457.jpeg,,5457.jpeg,1,0,3,0,1,FALSE,0
5458.jpeg,,5458.jpeg,1,0,3,0,1,FALSE,0
5459.jpeg,,5459.jpeg,1,0,3,1,1,FALSE,0
5460.jpeg,,5460.jpeg,1,0,4,1,1,FALSE,0
5461.jpeg,,5461.jpeg,1,0,3,0,1,FALSE,0
5510.jpeg,,5510.jpeg,1,0,2,1,1,FALSE,0
5564.jpeg,,5564.jpeg,1,0,2,2,1,FALSE,0
5614.jpeg,,5614.jpeg,1,0,4,1,1,FALSE,0
5693.jpeg,,5693.jpeg,1,0,2,1,0,FALSE,0
5925.jpeg,,5925.jpeg,1,0,2,2,0,FALSE,0
6020.jpeg,,6020.jpeg,1,0,3,1,1,FALSE,0
6091.jpeg,,6091.jpeg,1,0,0,0,0,FALSE,0
6200.jpeg,,6200.jpeg,1,0,2,2,0,FALSE,0
6356.jpeg,,6356.jpeg,1,0,2,2,1,FALSE,0
6395.jpeg,,6395.jpeg,1,1,4,1,1,FALSE,0
20_0_2_20170103234745028.jpg,,,1,0,3,0,1,FALSE,custom labelled
20_0_2_20170116161442758.jpg,,,1,0,3,0,1,FALSE,custom labelled
20_0_2_20170117135024223.jpg,,,1,0,3,0,1,FALSE,custom labelled
20_1_3_20170105000847091.jpg,,,1,0,4,0,0,FALSE,custom labelled
20_1_3_20170117141108233.jpg,,,1,0,4,1,0,FALSE,custom labelled
20_1_3_20170117141155272.jpg,,,1,0,4,1,0,FALSE,custom labelled
20_1_3_20170119144712261.jpg,,,1,0,4,1,0,FALSE,custom labelled
20_1_3_20170119150812423.jpg,,,1,0,4,1,0,FALSE,custom labelled
20_1_3_20170119151017902.jpg,,,1,0,4,1,0,FALSE,custom labelled
20_1_3_20170119153148521.jpg,,,1,0,4,1,0,FALSE,custom labelled
20_1_3_20170119153308793.jpg,,,1,0,4,1,0,FALSE,custom labelled
20_1_3_20170119153311735.jpg,,,1,0,4,1,0,FALSE,custom labelled
20_1_3_20170119153422217.jpg,,,1,0,4,1,0,FALSE,custom labelled
20_1_3_20170119153518449.jpg,,,1,0,4,1,0,FALSE,custom labelled
20_1_3_20170119153712943.jpg,,,1,0,4,1,0,FALSE,custom labelled
20_1_3_20170119153750257.jpg,,,1,0,4,1,0,FALSE,custom labelled
20_1_3_20170119153755113.jpg,,,1,0,4,1,0,FALSE,custom labelled
20_1_3_20170119153820321.jpg,,,1,0,4,1,0,FALSE,custom labelled
20_1_3_20170119180453339.jpg,,,1,0,4,1,0,FALSE,custom labelled
20_1_3_20170119180826861.jpg,,,1,0,4,1,0,FALSE,custom labelled
21_0_2_20170103205914442.jpg,,,1,0,3,0,1,FALSE,custom labelled
21_0_2_20170103234754659.jpg,,,1,0,3,0,1,FALSE,custom labelled
21_0_2_20170107213417643.jpg,,,1,0,3,0,1,FALSE,custom labelled
21_0_2_20170116161452673.jpg,,,1,0,3,0,1,FALSE,custom labelled
21_0_2_20170116164809162.jpg,,,1,0,3,0,1,FALSE,custom labelled
21_0_2_20170116165220655.jpg,,,1,0,3,0,1,FALSE,custom labelled
21_0_3_20161220221819298.jpg,,,1,0,4,1,1,FALSE,custom labelled
21_0_3_20170104214322765.jpg,,,1,0,4,0,1,FALSE,custom labelled
21_0_3_20170104225749698.jpg,,,1,0,4,1,1,FALSE,custom labelled
21_0_3_20170104225826937.jpg,,,1,0,4,1,1,FALSE,custom labelled
21_0_3_20170104225910065.jpg,,,1,0,4,1,1,FALSE,custom labelled
21_0_3_20170104230524803.jpg,,,1,0,4,1,1,FALSE,custom labelled
21_0_3_20170104230718873.jpg,,,1,0,4,1,1,FALSE,custom labelled
21_0_3_20170117141619327.jpg,,,1,0,4,1,1,FALSE,custom labelled
21_0_3_20170117141644440.jpg,,,1,0,4,1,1,FALSE,custom labelled
21_0_3_20170119150216454.jpg,,,1,0,4,1,1,FALSE,custom labelled
21_0_3_20170119153824472.jpg,,,1,0,4,1,1,FALSE,custom labelled
21_0_3_20170119153827185.jpg,,,1,0,4,1,1,FALSE,custom labelled
21_0_3_20170119154036769.jpg,,,1,0,4,1,1,FALSE,custom labelled
21_0_3_20170119154042345.jpg,,,1,0,4,1,1,FALSE,custom labelled
21_0_3_20170119154046385.jpg,,,1,0,4,1,1,FALSE,custom labelled
21_0_3_20170119154213179.jpg,,,1,0,4,-1,1,TRUE,custom labelled
21_0_3_20170119154219118.jpg,,,1,0,4,1,1,FALSE,custom labelled
21_0_3_20170119154239873.jpg,,,1,0,4,1,1,FALSE,custom labelled
21_0_3_20170119154249810.jpg,,,1,0,4,1,1,FALSE,custom labelled
21_0_3_20170119154329337.jpg,,,1,0,4,1,1,FALSE,custom labelled
21_0_3_20170119155412162.jpg,,,1,0,4,1,1,FALSE,custom labelled
21_0_4_20161223214759249.jpg,,,1,0,4,1,1,FALSE,custom labelled
21_0_4_20161223214802865.jpg,,,1,0,4,1,0,FALSE,custom labelled
21_1_3_20170104222046054.jpg,,,1,0,4,1,0,FALSE,custom labelled
21_1_3_20170104222056815.jpg,,,1,0,4,1,0,FALSE,custom labelled
21_1_3_20170104222105039.jpg,,,1,0,4,1,0,FALSE,custom labelled
21_1_3_20170104222105822.jpg,,,1,0,4,1,0,FALSE,custom labelled
21_1_3_20170104222108390.jpg,,,1,0,4,1,0,FALSE,custom labelled
21_1_3_20170104222111271.jpg,,,1,0,4,1,0,FALSE,custom labelled
21_1_3_20170104222114302.jpg,,,1,0,4,0,0,FALSE,custom labelled
21_1_3_20170104222116782.jpg,,,1,0,4,1,0,FALSE,custom labelled
21_1_3_20170104222118687.jpg,,,1,0,4,1,0,FALSE,custom labelled
21_1_3_20170104222120446.jpg,,,1,0,4,1,0,FALSE,custom labelled
21_1_3_20170104222121713.jpg,,,1,0,4,1,0,FALSE,custom labelled
21_1_3_20170104222522503.jpg,,,1,0,4,1,0,FALSE,custom labelled
21_1_3_20170104222653479.jpg,,,1,0,4,1,0,FALSE,custom labelled
21_1_3_20170104222758121.jpg,,,1,0,4,1,0,FALSE,custom labelled
21_1_3_20170104223626119.jpg,,,1,0,4,0,0,FALSE,custom labelled
21_1_3_20170104231324474.jpg,,,1,0,4,0,0,FALSE,custom labelled
21_1_3_20170104231602346.jpg,,,1,0,4,1,0,FALSE,custom labelled
21_1_3_20170104231611130.jpg,,,1,0,4,1,0,FALSE,custom labelled
21_1_3_20170104231613281.jpg,,,1,0,4,1,0,FALSE,custom labelled
21_1_3_20170104231627770.jpg,,,1,0,4,1,0,FALSE,custom labelled
21_1_3_20170104231630017.jpg,,,1,0,4,1,0,FALSE,custom labelled
22_0_2_20170104022354725.jpg,,,1,0,3,1,1,FALSE,custom labelled
22_0_2_20170116165407686.jpg,,,1,0,3,0,1,FALSE,custom labelled
22_0_2_20170116171724301.jpg,,,1,0,3,1,1,FALSE,custom labelled
22_0_2_20170116172135035.jpg,,,1,0,3,-1,1,TRUE,custom labelled
22_0_2_20170116172148714.jpg,,,1,0,3,0,1,FALSE,custom labelled
22_0_2_20170116172210197.jpg,,,1,0,3,0,1,FALSE,custom labelled
22_0_2_20170116172455828.jpg,,,1,0,3,0,1,FALSE,custom labelled
22_0_2_20170116175910195.jpg,,,1,0,3,0,1,FALSE,custom labelled
22_1_2_20170116172028415.jpg,,,1,0,3,0,0,FALSE,custom labelled
22_1_2_20170116172030701.jpg,,,1,0,3,0,0,FALSE,custom labelled
22_1_2_20170116172137259.jpg,,,1,0,3,1,0,FALSE,custom labelled
22_1_2_20170116172549492.jpg,,,1,0,3,0,0,FALSE,custom labelled
22_1_2_20170116172557623.jpg,,,1,0,3,0,0,FALSE,custom labelled
22_1_2_20170116172611887.jpg,,,1,0,3,0,0,FALSE,custom labelled
22_1_2_20170116172613537.jpg,,,1,0,3,0,0,FALSE,custom labelled
22_1_2_20170116172614669.jpg,,,1,0,3,0,0,FALSE,custom labelled
22_1_2_20170116172619218.jpg,,,1,0,3,0,0,FALSE,custom labelled
22_1_2_20170116172657692.jpg,,,1,0,3,0,0,FALSE,custom labelled
22_1_2_20170116172659590.jpg,,,1,0,3,0,0,FALSE,custom labelled
22_1_2_20170116172700901.jpg,,,1,0,3,0,0,FALSE,custom labelled
22_1_2_20170116172702296.jpg,,,1,0,3,0,0,FALSE,custom labelled
23_0_2_20170107213747034.jpg,,,1,0,3,0,1,FALSE,custom labelled
23_0_2_20170108224712804.jpg,,,1,0,3,0,1,FALSE,custom labelled
23_0_2_20170114024549242.jpg,,,1,0,3,0,1,FALSE,custom labelled
23_0_2_20170116172805150.jpg,,,1,0,3,1,1,FALSE,custom labelled
23_0_2_20170116172840539.jpg,,,1,0,3,1,1,FALSE,custom labelled
23_0_2_20170116172856091.jpg,,,1,0,3,1,1,FALSE,custom labelled
23_0_2_20170116172858865.jpg,,,1,0,3,-1,1,TRUE,custom labelled
23_0_2_20170116172904718.jpg,,,1,0,3,1,1,FALSE,custom labelled
23_0_2_20170116172906979.jpg,,,1,0,3,1,1,FALSE,custom labelled
23_0_2_20170116172908582.jpg,,,1,0,3,1,1,FALSE,custom labelled
23_0_2_20170116172912257.jpg,,,1,0,3,1,1,FALSE,custom labelled
23_0_2_20170116172922675.jpg,,,1,0,3,1,1,FALSE,custom labelled
23_0_2_20170116172927637.jpg,,,1,0,3,1,1,FALSE,custom labelled
23_0_2_20170116172933284.jpg,,,1,0,3,-1,1,TRUE,custom labelled
23_0_2_20170116172945780.jpg,,,1,0,3,1,1,FALSE,custom labelled
23_0_2_20170116172947652.jpg,,,1,0,3,1,1,FALSE,custom labelled
23_0_2_20170116173001224.jpg,,,1,0,3,0,1,FALSE,custom labelled
23_0_2_20170116173007268.jpg,,,1,0,3,0,1,FALSE,custom labelled
23_0_2_20170116221009406.jpg,,,1,0,3,0,1,FALSE,custom labelled
23_0_2_20170116221013973.jpg,,,1,0,3,1,1,FALSE,custom labelled
23_0_2_20170117144607348.jpg,,,1,0,3,1,1,FALSE,custom labelled
23_1_2_20170116173159012.jpg,,,1,0,3,0,0,FALSE,custom labelled
23_1_2_20170116173159941.jpg,,,1,0,3,0,0,FALSE,custom labelled
23_1_2_20170116173201790.jpg,,,1,0,3,0,0,FALSE,custom labelled
23_1_2_20170116173210232.jpg,,,1,0,3,0,0,FALSE,custom labelled
23_1_2_20170116173214311.jpg,,,1,0,3,0,0,FALSE,custom labelled
23_1_2_20170116173215428.jpg,,,1,0,3,0,0,FALSE,custom labelled
23_1_2_20170116173233383.jpg,,,1,0,3,0,0,FALSE,custom labelled
23_1_2_20170116173239323.jpg,,,1,0,3,0,0,FALSE,custom labelled
23_1_2_20170116173240500.jpg,,,1,0,3,0,0,FALSE,custom labelled
23_1_2_20170116173241444.jpg,,,1,0,3,0,0,FALSE,custom labelled
23_1_2_20170116173244358.jpg,,,1,0,3,0,0,FALSE,custom labelled
23_1_2_20170116173253789.jpg,,,1,0,3,0,0,FALSE,custom labelled
23_1_2_20170116184229440.jpg,,,1,0,3,0,0,FALSE,custom labelled
24_0_2_20170116164343289.jpg,,,1,0,3,0,1,FALSE,custom labelled
24_0_2_20170119165620535.jpg,,,1,0,3,0,1,FALSE,custom labelled
24_1_2_20170116163638814.jpg,,,1,0,3,0,0,FALSE,custom labelled
24_1_2_20170116163702026.jpg,,,1,0,3,0,0,FALSE,custom labelled
24_1_2_20170116163720881.jpg,,,1,0,3,0,0,FALSE,custom labelled
24_1_2_20170116163750637.jpg,,,1,0,3,0,0,FALSE,custom labelled
24_1_2_20170116163909292.jpg,,,1,0,3,0,0,FALSE,custom labelled
24_1_2_20170116164545482.jpg,,,1,0,3,0,0,FALSE,custom labelled
24_1_2_20170116164559724.jpg,,,1,0,3,0,0,FALSE,custom labelled
24_1_2_20170116164628750.jpg,,,1,0,3,0,0,FALSE,custom labelled
24_1_2_20170116164744956.jpg,,,1,0,3,0,0,FALSE,custom labelled
24_1_2_20170116164813386.jpg,,,1,0,3,0,0,FALSE,custom labelled
24_1_2_20170116165003935.jpg,,,1,0,3,0,0,FALSE,custom labelled
24_1_2_20170116165051346.jpg,,,1,0,3,0,0,FALSE,custom labelled
24_1_2_20170116165105160.jpg,,,1,0,3,0,0,FALSE,custom labelled
25_0_3_20170104214432805.jpg,,,1,0,4,1,1,FALSE,custom labelled
25_0_3_20170104214444117.jpg,,,1,0,4,1,1,FALSE,custom labelled
25_0_3_20170104214558568.jpg,,,1,0,4,-1,1,TRUE,custom labelled
25_0_3_20170104214602149.jpg,,,1,0,4,1,1,FALSE,custom labelled
25_0_3_20170104214610101.jpg,,,1,0,4,1,1,FALSE,custom labelled
25_0_3_20170104214613229.jpg,,,1,0,4,1,1,FALSE,custom labelled
25_0_3_20170104220223342.jpg,,,1,0,4,1,1,FALSE,custom labelled
25_0_3_20170104230227202.jpg,,,1,0,4,1,1,FALSE,custom labelled
25_0_3_20170104230440360.jpg,,,1,0,4,1,1,FALSE,custom labelled
25_0_3_20170104230516489.jpg,,,1,0,4,1,1,FALSE,custom labelled
25_0_3_20170105175316102.jpg,,,1,0,4,1,1,FALSE,custom labelled
25_0_3_20170107213404617.jpg,,,1,0,4,1,1,FALSE,custom labelled
25_0_3_20170116222907776.jpg,,,1,0,4,1,1,FALSE,custom labelled
25_0_3_20170117134128269.jpg,,,1,0,4,1,1,FALSE,custom labelled
25_0_3_20170117134150022.jpg,,,1,0,4,1,1,FALSE,custom labelled
25_0_3_20170117134725751.jpg,,,1,0,4,0,1,FALSE,custom labelled
25_0_3_20170117135144679.jpg,,,1,0,4,1,1,FALSE,custom labelled
