Img,Person_num,Mask_on,Race,SkinColor,Sex,Is_Complicated,Certainty
1802.jpg,1,1,0,0,1,FALSE,
1811.jpg,1,0,2,2,1,FALSE,
1814.jpg,1,0,1,1,1,FALSE,
1819.jpg,1,0,3,0,0,FALSE,
1828.jpg,1,1,0,1,0,FALSE,uncertain
1831.jpg,1,0,0,2,1,FALSE,
1843.jpg,1,1,0,0,1,FALSE,
1856.jpg,1,0,0,0,0,FALSE,uncertain
1874.jpg,1,1,3,0,1,FALSE,
1880.jpg,1,1,0,0,1,FALSE,
1891.jpg,1,1,0,0,0,FALSE,
1899.jpeg,1,1,3,0,0,FALSE,
1917.jpg,1,1,0,0,0,FALSE,
1922.jpg,1,0,0,0,1,FALSE,
1923.jpg,1,0,0,0,1,FALSE,
1926.jpg,1,1,0,0,0,FALSE,
1961.png,1,1,3,0,1,FALSE,
1962.png,1,1,3,0,0,FALSE,
1963.png,1,1,3,0,0,FALSE,
1971.jpg,1,1,0,0,1,FALSE,
1976.jpg,1,1,0,0,0,FALSE,
1977.jpg,1,0,0,0,1,FALSE,
1979.jpg,1,1,0,1,1,FALSE,
1983.jpg,1,1,3,0,1,FALSE,
2007.jpg,1,1,3,0,1,FALSE,
2012.jpg,1,1,3,0,0,FALSE,
2028.jpg,1,1,3,0,1,FALSE,
2046.jpg,1,1,3,0,0,FALSE,
2049.jpg,1,1,0,0,1,FALSE,
2059.jpg,1,1,3,0,0,FALSE,
2060.jpg,1,0,0,0,1,FALSE,
2069.jpg,1,1,0,0,1,FALSE,
2101.jpg,1,0,0,0,0,FALSE,
2134.jpg,1,1,0,1,1,FALSE,
2158.png,1,1,0,0,1,FALSE,
2162.png,1,1,0,0,1,FALSE,
2170.png,1,1,0,0,1,FALSE,
2173.png,1,1,0,0,0,FALSE,
2175.png,1,1,3,0,1,FALSE,
2177.png,1,1,3,0,1,FALSE,
2178.png,1,1,0,1,0,FALSE,
2189.png,1,1,3,0,1,FALSE,
2194.png,1,1,0,1,0,FALSE,uncertain
2202.png,1,1,3,0,0,FALSE,
2203.png,1,1,0,0,0,FALSE,
2215.png,1,1,1,1,0,FALSE,
2227.png,1,1,3,1,1,FALSE,
2233.png,1,1,0,0,1,FALSE,
2236.png,1,1,4,0,0,FALSE,uncertain
2259.png,1,1,1,1,0,FALSE,
2269.png,1,1,0,0,0,FALSE,
2283.png,1,1,1,0,0,FALSE,
2296.png,1,1,0,0,1,FALSE,
2313.png,1,0,3,1,1,FALSE,
2314.png,1,1,3,0,0,FALSE,
2327.png,1,1,-1,0,1,TRUE,remove?
2329.png,1,1,0,0,0,FALSE,
2334.png,1,1,0,0,0,FALSE,
2345.png,1,1,0,0,0,FALSE,
2358.png,1,1,3,0,0,FALSE,
2363.png,1,1,0,0,0,FALSE,
2368.png,1,1,1,0,1,FALSE,
2369.png,1,1,1,1,1,FALSE,
2383.png,1,0,3,0,1,FALSE,
2388.png,1,1,0,1,1,FALSE,
2398.png,1,1,0,1,1,FALSE,
2399.png,1,1,1,0,0,FALSE,
2401.png,1,1,0,1,0,FALSE,
2405.png,1,1,1,0,1,FALSE,
2406.png,1,1,3,1,1,FALSE,
2407.png,1,1,2,2,1,FALSE,
2408.png,1,1,2,2,1,FALSE,
2418.png,1,1,0,0,1,FALSE,
2429.png,1,1,0,0,1,FALSE,
2451.png,1,1,3,0,1,FALSE,
2454.png,1,0,1,0,0,FALSE,
2466.png,1,1,0,0,0,FALSE,
2471.png,1,1,1,1,1,FALSE,
2473.png,1,1,4,1,1,FALSE,
2477.png,1,1,1,1,1,FALSE,
2500.png,1,1,0,0,0,FALSE,
2502.png,1,1,0,0,0,FALSE,
2544.png,1,1,2,2,0,FALSE,
2557.png,1,1,3,0,1,FALSE,
2579.png,1,1,0,1,0,FALSE,
2588.png,1,1,1,0,0,FALSE,
2592.png,1,1,0,0,1,FALSE,
2598.png,1,1,0,0,0,FALSE,
2599.png,1,1,0,0,0,FALSE,
2605.png,1,1,3,1,1,FALSE,
2607.png,1,1,3,0,1,FALSE,
2614.png,1,1,0,0,1,FALSE,
2618.png,1,1,3,0,0,FALSE,
2634.png,1,1,4,1,0,FALSE,uncertain
2635.png,1,1,0,0,0,FALSE,
2638.png,1,1,2,1,0,FALSE,
2639.png,1,1,1,0,1,FALSE,
2642.png,1,1,3,0,1,FALSE,
2646.png,1,1,0,0,0,FALSE,
2649.png,1,1,0,0,1,FALSE,
2655.png,1,1,3,0,1,FALSE,
2673.png,1,1,0,0,0,FALSE,
2688.png,1,1,4,2,1,FALSE,uncertain
2704.png,1,1,3,0,0,FALSE,
2712.png,1,1,1,1,0,FALSE,
2716.png,1,1,3,0,0,FALSE,
2719.png,1,1,4,1,0,FALSE,
2721.png,1,1,3,0,1,FALSE,
2728.png,1,1,3,0,0,FALSE,
2740.png,1,1,0,0,0,FALSE,
2752.png,1,1,0,0,1,FALSE,
2760.png,1,1,1,0,1,FALSE,
2762.png,1,1,0,0,1,FALSE,uncertain
2764.png,1,1,0,0,0,FALSE,
2766.png,1,1,1,1,0,FALSE,
2767.png,1,1,0,0,0,FALSE,
2768.png,1,1,4,1,0,FALSE,uncertain
2769.png,1,1,3,0,1,FALSE,
2772.png,1,1,0,0,0,FALSE,
2776.png,1,1,3,0,1,FALSE,
2790.png,1,1,0,0,1,FALSE,
2791.png,1,1,3,0,0,FALSE,
2800.png,1,1,2,2,0,FALSE,
2806.png,1,1,1,0,0,FALSE,
2828.png,1,1,1,1,1,FALSE,
2833.png,1,1,1,0,0,FALSE,
2841.png,1,1,2,2,1,FALSE,
2842.png,1,1,0,0,1,FALSE,
2853.png,1,1,2,2,0,FALSE,
2866.png,1,1,3,0,0,FALSE,
2868.png,1,1,0,0,1,FALSE,
2877.png,1,1,0,0,1,FALSE,
2890.png,1,1,2,1,0,FALSE,
2894.png,1,1,3,1,0,FALSE,uncertain
2897.png,1,1,0,0,0,FALSE,
2918.png,1,1,0,0,0,FALSE,
2939.png,1,1,0,0,1,FALSE,
2948.png,1,1,3,0,0,FALSE,
2952.png,1,0,0,0,0,FALSE,
2962.png,1,1,2,1,0,FALSE,
2965.png,1,1,0,0,0,FALSE,
2968.png,1,0,0,0,1,FALSE,
2969.png,1,0,0,1,1,FALSE,
2970.png,1,1,0,0,1,FALSE,
2980.png,1,1,0,0,0,FALSE,
2983.png,1,1,2,1,0,FALSE,
2987.png,1,1,0,0,1,FALSE,
2990.png,1,1,0,0,0,FALSE,
3014.png,1,1,0,0,1,FALSE,uncertain
3032.png,1,1,3,0,0,FALSE,
3041.png,1,1,0,0,0,FALSE,
3054.png,1,1,2,2,0,FALSE,
3062.png,1,1,3,1,0,FALSE,uncertain
3072.png,1,1,3,0,1,FALSE,
3083.png,1,1,3,0,0,FALSE,uncertain
3100.png,1,1,0,0,1,FALSE,
3101.png,1,1,0,0,0,FALSE,
3104.png,1,1,0,0,0,FALSE,
3110.png,1,1,1,0,0,FALSE,uncertain
3121.png,1,1,3,1,1,FALSE,
3124.png,1,1,3,0,0,FALSE,
3134.png,1,1,0,0,1,FALSE,
3136.png,1,1,1,1,1,FALSE,
3139.png,1,1,3,0,1,FALSE,
3140.png,1,1,0,0,1,FALSE,
3141.png,1,1,2,1,1,FALSE,
3157.png,1,1,0,0,0,FALSE,
3158.png,1,1,3,0,1,FALSE,uncertain
3160.png,1,1,3,0,1,FALSE,uncertain
3161.png,1,1,1,0,0,FALSE,
3164.png,1,1,0,0,0,FALSE,
3166.png,1,1,0,0,1,FALSE,
3183.png,1,1,0,1,0,FALSE,uncertain
3186.png,1,1,0,0,1,FALSE,
3187.png,1,1,0,0,0,FALSE,
3189.png,1,1,4,2,1,FALSE,
3203.png,1,1,4,2,0,FALSE,uncertain
3209.png,1,1,0,0,0,FALSE,
3225.png,1,1,0,0,0,FALSE,
3226.png,1,1,0,0,0,FALSE,
3251.png,1,1,3,0,0,FALSE,
3276.png,1,1,3,0,-1,TRUE,Remove?
3279.png,1,1,0,0,0,FALSE,
3299.png,1,1,0,0,1,FALSE,
3307.png,1,1,0,0,1,FALSE,
3327.png,1,1,3,0,1,FALSE,
3337.png,1,1,0,0,1,FALSE,
3338.png,1,1,3,0,1,FALSE,
3341.png,1,1,0,0,0,FALSE,
3355.png,1,1,1,1,1,FALSE,
3363.png,1,1,0,0,1,FALSE,
3370.png,1,1,0,1,1,FALSE,
3371.png,1,1,0,0,0,FALSE,
3381.png,1,1,1,1,0,FALSE,
3385.png,1,1,0,0,0,FALSE,
3390.png,1,1,3,0,1,FALSE,
3392.png,1,1,0,0,1,FALSE,
3394.png,1,1,3,0,1,FALSE,
3396.png,1,1,0,0,1,FALSE,
3408.png,1,1,1,1,1,FALSE,
3410.png,1,1,3,0,0,FALSE,
3414.png,1,1,3,0,1,FALSE,
3435.png,1,1,2,1,1,FALSE,
3438.png,1,1,0,0,0,FALSE,
3439.png,1,1,3,0,0,FALSE,
3440.png,1,1,0,0,0,FALSE,
3443.png,1,1,3,0,-1,TRUE,Remove?
3450.png,1,1,0,0,1,FALSE,
3465.png,1,1,0,0,0,FALSE,
3486.png,1,1,0,0,0,FALSE,
3502.png,1,1,2,2,0,FALSE,
3514.png,1,1,0,0,1,FALSE,
3521.png,1,1,4,2,0,FALSE,uncertain
3529.png,1,1,0,0,0,FALSE,
3532.png,1,1,0,0,0,FALSE,
3533.png,1,1,3,0,0,FALSE,
3535.png,1,1,3,0,0,FALSE,
3540.png,1,1,0,0,0,FALSE,
3542.png,1,1,0,0,1,FALSE,
3553.png,1,1,0,0,1,FALSE,
3555.png,1,1,0,1,0,FALSE,
3575.png,1,1,0,0,1,FALSE,
3588.png,1,1,0,0,0,FALSE,
3595.png,1,1,3,1,0,FALSE,
3618.png,1,1,0,0,1,FALSE,
3622.png,1,1,3,1,1,FALSE,
3626.png,1,1,0,0,1,FALSE,
3628.png,1,1,1,1,1,FALSE,
3651.png,1,1,3,1,0,FALSE,
3669.png,1,1,0,0,0,FALSE,
3673.png,1,1,3,0,1,FALSE,
3674.png,1,1,0,0,1,FALSE,
3691.png,1,1,3,1,1,FALSE,
3701.png,1,1,4,1,1,FALSE,uncertain
3702.png,1,0,1,1,0,FALSE,
3703.png,1,1,0,0,1,FALSE,
3711.png,1,1,0,0,0,FALSE,
3724.png,1,1,0,0,0,FALSE,
3730.png,1,1,3,0,0,FALSE,
3748.png,1,1,3,0,0,FALSE,
3750.png,1,1,2,2,0,FALSE,
3751.png,1,1,2,1,0,FALSE,
3758.png,1,1,3,0,1,FALSE,
3759.png,1,1,0,0,1,FALSE,
3776.png,1,1,1,1,1,FALSE,
3779.png,1,1,0,0,0,FALSE,
3783.png,1,1,2,1,0,FALSE,
3797.png,1,1,3,0,0,FALSE,uncertain
3799.png,1,1,0,0,0,FALSE,
3800.png,1,0,2,2,1,FALSE,
3801.png,1,1,1,1,0,FALSE,
3833.png,1,1,1,1,0,FALSE,
3837.png,1,1,1,1,0,FALSE,
3838.png,1,1,3,0,0,FALSE,
3839.png,1,1,3,0,0,FALSE,
3851.png,1,1,0,0,1,FALSE,
3852.png,1,1,0,0,0,FALSE,
3887.png,1,1,0,1,0,FALSE,
3894.png,1,1,0,0,0,FALSE,
3895.png,1,1,1,0,1,FALSE,
3904.png,1,1,2,1,1,FALSE,
3911.png,1,0,0,0,0,FALSE,
3912.png,1,1,1,0,0,FALSE,
3919.png,1,1,0,0,0,FALSE,
3928.png,1,1,0,0,0,FALSE,
3942.png,1,1,2,1,0,FALSE,
3947.png,1,1,1,0,0,FALSE,
3952.png,1,1,0,0,0,FALSE,
3964.png,1,1,0,0,1,FALSE,
3984.png,1,1,2,1,1,FALSE,
3987.png,1,1,0,0,0,FALSE,
3993.png,1,1,3,0,1,FALSE,
3997.png,1,1,3,0,0,FALSE,
4019.png,1,1,3,0,0,FALSE,
4031.png,1,1,2,2,0,FALSE,
4036.png,1,1,3,0,0,FALSE,
4044.png,1,1,0,0,0,FALSE,
4051.png,1,1,0,0,1,FALSE,
4063.png,1,1,3,0,0,FALSE,
4069.png,1,1,0,0,0,FALSE,
4070.png,1,1,1,0,1,FALSE,
4113.png,1,1,1,1,0,FALSE,
4118.png,1,1,0,0,0,FALSE,
4125.png,1,1,4,1,0,FALSE,
4126.png,1,1,0,0,0,FALSE,
4130.png,1,1,4,2,1,FALSE,
4131.png,1,1,3,0,1,FALSE,
4140.png,1,1,0,0,1,FALSE,
4146.png,1,1,3,0,1,FALSE,
4148.png,1,1,0,0,0,FALSE,
4165.png,1,1,3,0,0,FALSE,
4179.png,1,1,3,0,0,FALSE,
4183.png,1,1,0,0,1,FALSE,
4189.png,1,1,0,0,0,FALSE,
4190.png,1,1,1,0,0,FALSE,
4200.png,1,1,1,1,1,FALSE,uncertain
4208.png,1,1,2,2,1,FALSE,
4229.png,1,1,3,0,0,FALSE,
4255.png,1,1,0,0,0,FALSE,
4260.png,1,1,3,0,0,FALSE,
4262.png,1,1,3,0,0,FALSE,
4273.png,1,1,1,1,1,FALSE,uncertain
4278.png,1,1,0,0,0,FALSE,
4286.png,1,1,0,0,0,FALSE,
4287.png,1,1,3,0,0,FALSE,
4289.png,1,1,0,0,0,FALSE,
4292.png,1,1,3,0,0,FALSE,
4293.png,1,1,1,0,0,FALSE,
4297.png,1,1,0,0,1,FALSE,
4299.png,1,1,3,0,0,FALSE,
4338.png,1,1,3,0,0,FALSE,
4340.png,1,1,0,0,0,FALSE,
4342.png,1,1,3,0,0,FALSE,
4358.png,1,1,3,0,1,FALSE,
4371.png,1,1,3,0,0,FALSE,
4372.png,1,1,0,0,0,FALSE,
4377.png,1,1,3,0,1,FALSE,
4382.png,1,1,3,0,0,FALSE,
4391.png,1,1,3,0,1,FALSE,
4392.png,1,1,0,0,0,FALSE,
4394.png,1,1,3,0,0,FALSE,
4397.png,1,1,1,1,0,FALSE,
4405.png,1,1,0,0,1,FALSE,uncertain
4407.png,1,1,4,1,0,FALSE,
4412.png,1,1,0,0,0,FALSE,
4413.png,1,1,3,0,0,FALSE,
4415.png,1,1,3,0,0,FALSE,
4419.png,1,1,2,0,0,FALSE,
4420.png,1,1,3,0,0,FALSE,
4424.png,1,1,0,0,0,FALSE,
4437.png,1,1,3,0,0,FALSE,
4439.png,1,1,3,0,0,FALSE,
4444.png,1,1,2,1,1,FALSE,
4468.png,1,1,3,0,0,FALSE,
4482.png,1,1,0,0,0,FALSE,
4495.png,1,1,3,0,1,FALSE,
4507.png,1,1,3,0,0,FALSE,
4523.png,1,1,1,1,1,FALSE,
4531.png,1,1,0,0,1,FALSE,
4542.png,1,1,3,0,0,FALSE,
4545.png,1,1,3,0,0,FALSE,
4552.png,1,1,0,0,0,FALSE,
4571.png,1,1,0,0,0,FALSE,
4572.png,1,1,3,0,0,FALSE,
4589.png,1,1,3,0,0,FALSE,
4591.png,1,1,3,0,0,FALSE,
4598.png,1,1,1,1,0,FALSE,
4605.png,1,1,4,1,0,FALSE,uncertain
4607.png,1,1,3,0,0,FALSE,
4608.png,1,1,0,0,1,FALSE,
4614.png,1,1,3,0,0,FALSE,
4615.png,1,1,4,1,0,FALSE,
4644.png,1,1,0,0,0,FALSE,
4646.png,1,1,3,0,1,FALSE,
4670.png,1,0,0,0,0,FALSE,
4679.png,1,0,2,2,0,FALSE,
4686.png,1,1,0,0,1,FALSE,
4692.png,1,1,0,0,0,FALSE,
4695.png,1,1,0,0,0,FALSE,
4696.png,1,1,0,0,1,FALSE,
4700.png,1,1,0,0,0,FALSE,
4713.png,1,1,3,0,1,FALSE,
4714.png,1,1,2,2,0,FALSE,
4717.png,1,1,0,0,0,FALSE,
4720.png,1,1,0,0,0,FALSE,
4724.png,1,1,0,0,0,FALSE,
4732.png,1,1,3,0,1,FALSE,
4744.png,1,1,0,0,1,FALSE,
4773.png,1,1,3,1,1,FALSE,
4779.png,1,1,0,0,0,FALSE,
4793.png,1,0,0,0,0,FALSE,
4798.png,1,1,2,2,0,FALSE,
4807.png,1,1,0,0,0,FALSE,
4827.png,1,1,0,0,0,FALSE,
4834.png,1,1,0,0,1,FALSE,
4836.png,1,1,3,0,1,FALSE,
4839.png,1,1,0,0,1,FALSE,
4846.png,1,1,1,0,1,FALSE,
4859.png,1,1,-1,1,1,TRUE,Remove?
4870.png,1,0,0,0,0,FALSE,
4880.png,1,0,1,0,0,FALSE,
4885.png,1,1,0,1,0,FALSE,
4893.png,1,1,0,0,0,FALSE,
4894.png,1,1,1,0,0,FALSE,
4907.png,1,1,0,0,1,FALSE,
4912.png,1,1,4,0,1,FALSE,
4913.png,1,1,0,0,0,FALSE,
4917.png,1,1,-1,0,-1,TRUE,Remove?
4919.png,1,1,2,0,1,FALSE,
4920.png,1,1,3,1,1,FALSE,
4921.png,1,1,0,0,1,FALSE,
4931.png,1,1,3,0,0,FALSE,
4934.png,1,1,-1,0,-1,TRUE,Remove?
4936.png,1,1,1,0,1,FALSE,
4940.png,1,1,3,1,1,FALSE,
4944.png,1,1,3,0,0,FALSE,
4966.png,1,1,0,0,0,FALSE,
4969.png,1,1,0,0,0,FALSE,
4970.png,1,1,0,0,1,FALSE,
4988.png,1,1,0,0,1,FALSE,
4991.jpg,1,1,0,0,0,FALSE,
4995.jpg,1,1,3,0,1,FALSE,
5016.jpg,1,1,0,0,0,FALSE,
5019.jpg,1,1,0,0,1,FALSE,
5041.jpeg,1,1,3,0,1,FALSE,
5049.jpg,1,1,3,0,0,FALSE,
5065.jpg,1,1,3,0,1,FALSE,
5067.jpg,1,1,0,0,1,FALSE,
5102.jpg,1,1,0,0,1,FALSE,
5110.jpg,1,1,3,0,0,FALSE,
5116.jpg,1,1,0,0,0,FALSE,
5119.png,1,1,2,1,0,FALSE,
5122.jpg,1,0,0,0,1,FALSE,
5149.jpg,1,1,0,0,0,FALSE,
5154.jpeg,1,1,0,0,1,FALSE,
5157.jpg,1,1,2,1,1,FALSE,
5167.jpg,1,1,3,0,0,FALSE,
5168.jpg,1,1,3,0,0,FALSE,
5174.jpg,1,1,3,1,1,FALSE,
5191.jpg,1,1,0,0,0,FALSE,
5193.jpg,1,1,0,0,0,FALSE,
5196.jpg,1,1,0,0,0,FALSE,
5202.jpg,1,1,2,2,0,FALSE,
5209.jpg,1,1,0,2,0,FALSE,
5210.jpg,1,1,0,0,0,FALSE,
5212.jpg,1,1,0,0,0,FALSE,
5217.jpg,1,1,0,0,0,FALSE,
5221.jpeg,1,1,0,0,0,FALSE,
5243.jpg,1,1,0,0,0,FALSE,
5253.jpg,1,0,0,0,0,FALSE,
5255.jpg,1,0,0,0,0,FALSE,
5291.jpg,1,0,1,1,0,FALSE,
5300.jpeg,1,1,2,1,1,FALSE,
5303.jpg,1,0,1,0,0,FALSE,
5310.jpg,1,0,0,0,0,FALSE,
5321.jpg,1,0,1,1,1,FALSE,
5356.jpg,1,1,3,0,0,FALSE,
5357.jpg,1,0,3,0,1,FALSE,
5378.jpg,1,0,0,0,0,FALSE,
5397.jpg,1,1,2,2,1,FALSE,
5408.jpg,1,0,3,0,1,FALSE,
5419.jpg,1,1,0,0,0,FALSE,
5440.jpg,1,1,0,0,0,FALSE,
5457.jpeg,1,0,3,0,1,FALSE,
5461.jpeg,1,0,3,0,1,FALSE,
5463.jpg,1,1,0,0,0,FALSE,
5472.jpg,1,0,3,0,0,FALSE,
5475.jpg,1,1,2,2,1,FALSE,
5508.jpg,1,0,0,0,1,FALSE,
5521.jpg,1,0,0,0,0,FALSE,
5524.jpg,1,0,3,0,1,FALSE,
5536.jpg,1,0,2,1,0,FALSE,
5545.jpg,1,0,2,2,0,FALSE,
5559.jpg,1,1,1,0,1,FALSE,
5563.jpg,1,0,3,0,0,FALSE,
5569.jpg,1,0,1,1,0,FALSE,
5574.jpg,1,0,3,0,0,FALSE,
5584.jpg,1,0,1,1,1,FALSE,
5585.jpg,1,0,3,2,1,FALSE,
5587.jpg,1,0,0,0,0,FALSE,
5592.jpg,1,0,2,2,0,FALSE,
5604.jpg,1,0,0,0,1,FALSE,
5608.jpg,1,0,0,0,1,FALSE,
5615.jpg,1,1,0,0,0,FALSE,
5631.jpg,1,0,2,2,1,FALSE,
5661.jpg,1,0,1,1,1,FALSE,
5702.png,1,1,4,1,1,FALSE,
5707.jpg,1,0,3,0,1,FALSE,
5710.jpg,1,0,3,1,1,FALSE,
5713.jpg,1,1,2,2,0,FALSE,
5747.jpg,1,0,0,0,0,FALSE,
5799.jpg,1,0,0,0,1,FALSE,
5806.jpg,1,0,0,0,0,FALSE,
5848.jpg,1,0,0,0,1,FALSE,
5858.jpg,1,0,4,2,1,FALSE,
5865.jpg,1,0,4,1,1,FALSE,
5881.jpg,1,0,0,0,0,FALSE,
5915.jpg,1,0,0,0,0,FALSE,
5916.jpg,1,0,0,0,1,FALSE,
5917.jpg,1,0,2,2,0,FALSE,
5925.jpeg,1,0,2,2,0,FALSE,
5928.jpg,1,0,0,0,0,FALSE,
5945.jpg,1,0,0,0,1,FALSE,
5950.jpg,1,0,0,0,1,FALSE,
5953.jpg,1,0,4,1,0,FALSE,
5966.jpg,1,0,3,0,0,FALSE,
5987.jpg,1,0,2,2,0,FALSE,
5992.jpg,1,0,2,2,0,FALSE,
5994.jpg,1,0,2,2,0,FALSE,
5997.jpg,1,0,2,1,0,FALSE,
6027.jpg,1,0,0,0,0,FALSE,
6037.jpg,1,0,2,1,1,FALSE,
6047.jpg,1,0,1,1,1,FALSE,
6048.jpg,1,0,2,2,0,FALSE,
6072.jpg,1,0,0,0,0,FALSE,
6081.jpg,1,0,1,0,1,FALSE,
6084.jpg,1,0,0,0,0,FALSE,
6091.jpeg,1,0,0,0,0,FALSE,
6098.jpg,1,0,2,2,0,FALSE,
6108.png,1,0,2,2,1,FALSE,
6120.jpg,1,0,2,2,0,FALSE,
6137.jpg,1,0,4,0,0,FALSE,
6137.png,1,0,2,2,1,FALSE,
6152.jpg,1,0,2,2,1,FALSE,
6158.jpg,1,0,0,0,1,FALSE,
6162.jpg,1,0,1,0,1,FALSE,
6165.jpg,1,0,0,0,1,FALSE,
6166.jpg,1,0,0,0,1,FALSE,
6189.jpg,1,0,0,0,1,FALSE,
6190.jpg,1,0,0,0,1,FALSE,
6193.jpg,1,0,3,1,1,FALSE,
6203.jpg,1,0,2,2,1,FALSE,
6205.jpg,1,0,2,1,0,FALSE,
6218.jpg,1,0,3,1,1,FALSE,
6233.jpg,1,0,2,2,1,FALSE,
6234.jpg,1,0,3,1,0,FALSE,
6245.jpg,1,0,3,1,0,FALSE,
6249.jpg,1,0,0,0,1,FALSE,
6275.jpg,1,0,3,1,0,FALSE,
6280.jpg,1,0,3,1,0,FALSE,
6283.jpg,1,0,3,1,0,FALSE,
6307.jpg,1,0,3,1,0,FALSE,
6319.jpg,1,0,4,2,1,FALSE,
6323.jpg,1,0,0,1,0,FALSE,
6324.jpg,1,0,2,2,1,FALSE,
6329.jpg,1,0,2,2,1,FALSE,
6332.jpg,1,0,3,1,1,FALSE,
6346.jpg,1,0,2,2,1,FALSE,
6347.jpg,1,0,3,1,0,FALSE,
6357.jpg,1,0,3,0,0,FALSE,
6361.jpg,1,0,2,2,0,FALSE,
6367.jpg,1,0,3,0,0,FALSE,
6369.jpg,1,0,3,0,0,FALSE,
6386.jpg,1,0,2,2,0,FALSE,
6389.jpg,1,1,3,0,0,FALSE,
6395.jpeg,1,1,4,1,1,FALSE,
6403.png,1,1,0,0,1,FALSE,
6410.png,1,1,4,1,1,FALSE,
6414.png,1,1,2,2,1,FALSE,
6421.png,1,1,1,0,1,FALSE,
6424.png,1,1,1,1,1,FALSE,
6430.png,1,1,2,2,1,FALSE,
2222.png,1,1,0,0,0,FALSE,
4374.png,1,1,0,0,1,FALSE,
2925.png,1,1,0,0,0,FALSE,
4762.png,1,1,0,0,0,FALSE,
4028.png,1,1,4,1,0,FALSE,
4109.png,1,1,0,0,0,FALSE,
1887.jpg,1,1,4,1,0,FALSE,
3534.png,1,1,0,0,0,FALSE,
3093.png,1,1,3,0,0,FALSE,
6415.png,1,1,0,0,1,FALSE,
2257.png,1,1,0,0,0,FALSE,
3649.png,1,1,0,0,1,FALSE,
2707.png,1,1,4,1,1,FALSE,
2508.png,1,1,0,0,0,FALSE,
4949.png,1,1,0,0,1,FALSE,
4799.png,1,1,0,0,0,FALSE,
4833.png,1,1,3,0,0,FALSE,
4261.png,1,1,3,0,1,FALSE,
2892.png,1,1,4,0,0,FALSE,
2080.jpg,1,1,0,0,0,FALSE,
2226.png,1,1,0,0,1,FALSE,
2597.png,1,1,0,0,0,FALSE,
4980.png,1,1,3,0,1,FALSE,
2042.jpg,1,1,4,1,1,FALSE,
2596.png,1,1,0,0,1,FALSE,
3423.png,1,1,0,0,1,FALSE,
4376.png,1,1,0,0,1,FALSE,
4661.png,1,1,0,0,0,FALSE,
4560.png,1,1,3,0,1,FALSE,
3342.png,1,1,3,0,1,FALSE,
3046.png,1,1,0,0,0,FALSE,
2656.png,1,1,0,0,1,FALSE,
4860.png,1,1,3,0,0,FALSE,
4162.png,1,1,0,0,1,FALSE,
2574.png,1,1,0,1,1,FALSE,
5215.jpg,1,1,0,0,0,FALSE,
4236.png,1,1,0,1,1,FALSE,
2432.png,1,1,0,0,1,FALSE,
3866.png,1,1,3,1,1,FALSE,
4487.png,1,1,0,0,0,FALSE,
5323.jpg,1,1,0,0,1,FALSE,
4331.png,1,1,0,1,0,FALSE,
2792.png,1,1,3,0,0,FALSE,
3663.png,1,1,0,0,1,FALSE,
4954.png,1,1,0,0,0,FALSE,
3935.png,1,1,3,0,1,FALSE,
4494.png,1,1,0,0,0,FALSE,
5144.jpg,1,1,4,1,1,FALSE,
2531.png,1,1,4,1,0,FALSE,
2581.png,1,1,3,1,1,FALSE,
2441.png,1,1,3,0,0,FALSE,
2478.png,1,1,3,0,0,FALSE,
4632.png,1,1,0,0,0,FALSE,
3665.png,1,1,0,0,0,FALSE,
4035.png,1,1,0,0,0,FALSE,
2900.png,1,1,3,0,1,FALSE,
3129.png,1,1,0,0,0,FALSE,
3827.png,1,1,0,0,1,FALSE,
3133.png,1,1,0,0,0,FALSE,
5014.jpg,1,1,3,0,0,FALSE,
4346.png,1,1,0,0,1,FALSE,
3992.png,1,1,0,0,0,FALSE,
2221.png,1,1,4,2,1,FALSE,
4559.png,1,1,3,1,0,FALSE,
3876.png,1,1,4,1,0,FALSE,
4075.png,1,1,0,0,0,FALSE,
2709.png,1,1,3,0,1,FALSE,
3530.png,1,1,0,0,0,FALSE,
4950.png,1,1,3,0,0,FALSE,
4309.png,1,1,3,0,0,FALSE,
3324.png,1,1,0,0,1,FALSE,
3849.png,1,1,0,0,0,FALSE,
2727.png,1,1,0,0,0,FALSE,
3323.png,1,1,0,0,1,FALSE,
3105.png,1,1,0,0,0,FALSE,
4154.png,1,1,0,0,0,FALSE,
4135.png,1,1,0,0,1,FALSE,
3107.png,1,1,0,0,1,FALSE,
5158.jpg,1,1,0,0,0,FALSE,
4492.png,1,1,3,1,1,FALSE,
2551.png,1,1,0,0,1,FALSE,
4049.png,1,1,4,1,1,FALSE,
3619.png,1,1,0,0,1,FALSE,
5441.jpg,1,1,4,1,0,FALSE,
3580.png,1,1,0,1,0,FALSE,
4399.png,1,1,3,0,1,FALSE,
4288.png,1,1,0,0,0,FALSE,
5582.jpg,1,1,0,0,0,FALSE,
3492.png,1,1,3,0,1,FALSE,
4138.png,1,1,0,0,1,FALSE,
3834.png,1,1,3,1,0,FALSE,
4816.png,1,1,4,1,0,FALSE,
3789.png,1,1,0,0,1,FALSE,
2586.png,1,1,3,0,0,FALSE,
4830.png,1,1,4,1,1,FALSE,
4933.png,1,1,3,0,1,FALSE,
4332.png,1,1,3,0,0,FALSE,
4809.png,1,1,0,0,1,FALSE,
5594.jpg,1,1,2,2,1,FALSE,
2720.png,1,1,0,0,1,FALSE,
2504.png,1,1,0,1,1,FALSE,
2387.png,1,1,0,0,0,FALSE,
4237.png,1,1,4,1,1,FALSE,
4007.png,1,1,0,0,0,FALSE,
4181.png,1,1,0,0,0,FALSE,
5187.jpg,1,1,0,0,0,FALSE,
2455.png,1,1,4,1,0,FALSE,
3882.png,1,1,3,0,1,FALSE,
3808.png,1,1,0,0,0,FALSE,
2907.png,1,1,0,0,1,FALSE,
2435.png,1,1,0,0,1,FALSE,
4577.png,1,1,3,0,0,FALSE,
2724.png,1,1,4,1,1,FALSE,
4802.png,1,1,0,0,1,FALSE,
2091.jpg,1,1,0,0,0,FALSE,
4626.png,1,1,0,0,1,FALSE,
3842.png,1,1,3,1,0,FALSE,
4987.png,1,1,0,0,0,FALSE,
4291.png,1,1,3,0,1,FALSE,
5425.jpg,1,1,0,0,1,FALSE,
3753.png,1,1,0,0,0,FALSE,
4317.png,1,1,3,0,1,FALSE,
5231.jpg,1,1,3,1,0,FALSE,
2191.png,1,1,0,1,0,FALSE,
4027.png,1,1,0,0,0,FALSE,
1931.jpg,1,0,4,2,1,FALSE,
6069.jpg,1,0,2,2,0,FALSE,
5761.jpg,1,0,3,0,0,FALSE,
6111.jpg,1,0,0,0,0,FALSE,
6170.jpg,1,0,3,1,1,FALSE,
5647.jpg,1,0,3,0,1,FALSE,
6279.jpg,1,0,3,0,0,FALSE,
2098.jpg,1,0,4,0,0,FALSE,
2027.jpg,1,0,0,0,1,FALSE,
5929.jpg,1,0,0,0,1,FALSE,
6171.jpg,1,0,0,0,1,FALSE,
6219.jpg,1,0,4,2,1,FALSE,
5539.jpg,1,0,0,0,1,FALSE,
5743.jpg,1,0,3,0,0,FALSE,
5790.jpg,1,0,4,1,0,FALSE,
3655.png,1,0,0,1,0,FALSE,
3946.png,1,0,0,0,0,FALSE,
5601.jpg,1,0,4,1,1,FALSE,
5912.jpg,1,0,2,2,1,FALSE,
6182.jpg,1,0,0,0,0,FALSE,
6385.jpg,1,0,2,2,0,FALSE,
1857.jpg,1,0,0,0,1,FALSE,
6229.jpg,1,0,2,2,1,FALSE,
1934.jpg,1,0,0,0,1,FALSE,
6167.jpg,1,0,0,0,1,FALSE,
5670.jpg,1,0,0,0,1,FALSE,
6331.jpg,1,0,4,1,1,FALSE,
5698.jpg,1,0,2,2,1,FALSE,
6061.jpg,1,0,3,0,0,FALSE,
6026.jpg,1,0,2,2,1,FALSE,
5302.jpg,1,0,4,1,0,FALSE,
6184.jpg,1,0,4,1,1,FALSE,
2246.png,1,0,3,1,1,FALSE,
6159.jpg,1,0,2,2,0,FALSE,
5675.jpg,1,0,4,1,0,FALSE,
5824.jpg,1,0,0,0,1,FALSE,
5678.jpg,1,0,4,2,0,FALSE,
5903.jpg,1,0,3,0,1,FALSE,
5636.jpg,1,0,0,0,0,FALSE,
6247.jpg,1,0,4,1,1,FALSE,
6350.jpg,1,0,2,2,1,FALSE,
6302.jpg,1,0,4,2,1,FALSE,
3024.png,1,0,0,0,0,FALSE,
6183.jpg,1,0,2,1,0,FALSE,
6168.jpg,1,0,0,0,1,FALSE,
2636.png,1,0,0,0,1,FALSE,
5856.jpg,1,0,3,0,0,FALSE,
2693.png,1,0,0,0,0,FALSE,
6086.jpg,1,0,4,1,1,FALSE,
2302.png,1,0,2,1,0,FALSE,
6131.jpg,1,0,0,0,0,FALSE,
2522.png,1,0,0,0,0,FALSE,
5485.jpg,1,0,4,1,0,FALSE,
5926.jpg,1,0,2,2,0,FALSE,
6352.jpg,1,0,2,2,1,FALSE,
3611.png,1,0,0,0,1,FALSE,
6038.jpg,1,0,0,1,1,FALSE,
6095.jpg,1,0,2,2,0,FALSE,
5610.jpg,1,0,0,0,1,FALSE,
5113.jpg,1,0,2,2,0,FALSE,
6146.jpg,1,0,0,1,1,FALSE,
6330.jpg,1,0,4,1,1,FALSE,
6097.jpg,1,0,2,2,1,FALSE,
5965.jpg,1,0,0,0,1,FALSE,
5876.jpg,1,0,2,2,1,FALSE,
5234.jpg,1,0,0,0,1,FALSE,
6362.jpg,1,0,2,2,0,FALSE,
6157.jpg,1,0,0,0,1,FALSE,
5621.jpg,1,0,3,1,1,FALSE,
6022.jpg,1,0,2,2,1,FALSE,
5968.jpg,1,0,0,0,1,FALSE,
2071.jpg,1,0,4,1,1,FALSE,
1957.jpg,1,0,0,0,1,FALSE,
3085.png,1,0,4,1,0,FALSE,
4681.png,1,0,3,1,1,FALSE,
5250.jpg,1,0,0,0,1,FALSE,
6208.jpg,1,0,0,0,1,FALSE,
2966.png,1,0,0,0,1,FALSE,
4882.png,1,0,3,0,1,FALSE,
5922.jpg,1,0,0,0,1,FALSE,
6210.jpg,1,0,2,2,0,FALSE,
5681.jpg,1,0,0,1,1,FALSE,
6306.jpg,1,0,4,1,1,FALSE,
6231.jpg,1,0,4,2,0,FALSE,
5978.jpg,1,0,2,2,1,FALSE,
2075.jpg,1,0,4,2,1,FALSE,
5609.jpg,1,0,2,1,0,FALSE,
6016.jpg,1,0,0,0,1,FALSE,
6265.jpg,1,0,2,2,0,FALSE,
6173.jpg,1,0,0,0,1,FALSE,
4253.png,1,0,0,0,0,FALSE,
5650.jpg,1,0,0,0,0,FALSE,
6070.jpg,1,0,2,2,1,FALSE,
5918.jpg,1,0,2,2,1,FALSE,
5687.jpg,1,0,0,1,1,FALSE,
6029.jpg,1,0,0,0,1,FALSE,
6075.jpg,1,0,2,2,1,FALSE,
1815.jpg,1,0,0,1,1,FALSE,
5923.jpg,1,0,0,0,1,FALSE,
5021.jpg,1,0,0,0,1,FALSE,
5474.jpg,1,0,0,1,1,FALSE,
2453.png,1,0,0,0,0,FALSE,
6258.jpg,1,0,4,1,0,FALSE,
5986.jpg,1,0,0,0,0,FALSE,
6093.jpg,1,0,0,0,1,FALSE,
1935.jpg,1,0,0,0,1,FALSE,
5466.jpg,1,0,0,1,1,FALSE,
5607.jpg,1,0,0,0,0,FALSE,
6250.jpg,1,0,4,2,0,FALSE,
5538.jpg,1,0,3,1,0,FALSE,
6201.jpg,1,0,0,0,1,FALSE,
5274.jpg,1,0,0,0,0,FALSE,
6366.jpg,1,0,0,1,1,FALSE,
5600.jpg,1,0,0,0,1,FALSE,
1813.jpg,1,0,0,0,1,FALSE,
6304.jpg,1,0,0,0,0,FALSE,
5977.jpg,1,0,2,2,1,FALSE,
6163.jpg,1,0,0,0,0,FALSE,
5983.jpg,1,0,2,2,0,FALSE,
1801.jpg,1,0,4,1,1,FALSE,
1888.jpg,1,0,2,2,1,FALSE,
1955.jpg,1,0,0,0,1,FALSE,
1965.jpg,1,0,0,0,1,FALSE,
2061.jpeg,1,0,0,0,1,FALSE,
2103.jpg,1,0,0,0,1,FALSE,
2249.png,1,0,0,0,1,FALSE,
2376.png,1,0,0,0,0,FALSE,
2443.png,1,0,0,0,0,FALSE,
2444.png,1,0,3,0,0,FALSE,
2514.png,1,0,0,0,1,FALSE,
2629.png,1,0,4,0,0,FALSE,
2753.png,1,0,0,0,0,FALSE,
3143.png,1,0,3,0,0,FALSE,
3525.png,1,0,0,0,0,FALSE,
3598.png,1,0,0,0,0,FALSE,
3610.png,1,0,3,1,1,FALSE,
4093.png,1,0,1,1,0,FALSE,
4281.png,1,0,0,0,0,FALSE,
4473.png,1,0,2,1,1,FALSE,
4483.png,1,0,2,2,1,FALSE,
4784.png,1,0,2,1,0,FALSE,
4795.png,1,0,1,1,1,FALSE,
5143.jpg,1,0,4,2,0,FALSE,
5254.jpg,1,0,0,0,0,FALSE,
5256.jpg,1,0,0,0,0,FALSE,
5258.jpg,1,0,0,0,0,FALSE,
5266.jpg,1,0,2,2,1,FALSE,
5273.jpg,1,0,3,1,0,FALSE,
5275.jpg,1,0,1,1,1,FALSE,
5287.jpg,1,0,0,0,1,FALSE,
5307.jpg,1,0,4,1,1,FALSE,
5314.jpg,1,0,0,0,0,FALSE,
5316.jpg,1,0,2,2,0,FALSE,
5333.jpg,1,0,1,1,0,FALSE,
5355.jpg,1,0,1,1,0,FALSE,
5368.jpg,1,0,4,1,0,FALSE,
5374.jpg,1,0,0,0,1,FALSE,
5390.jpg,1,0,2,2,0,FALSE,
5411.jpg,1,0,0,0,1,FALSE,
5447.jpg,1,0,2,2,0,FALSE,
5458.jpeg,1,0,3,0,1,FALSE,
5459.jpeg,1,0,3,1,1,FALSE,
5488.jpg,1,0,0,0,0,FALSE,
5506.jpg,1,0,1,2,1,FALSE,
5507.jpg,1,0,0,0,0,FALSE,
5519.jpg,1,0,1,1,0,FALSE,
5527.jpg,1,0,0,0,0,FALSE,
5548.jpg,1,0,0,0,0,FALSE,
5552.jpg,1,0,4,2,1,FALSE,
5578.jpg,1,0,3,0,1,FALSE,
5586.jpg,1,0,3,1,1,FALSE,
5603.jpg,1,0,0,0,1,FALSE,
5620.jpg,1,0,0,0,1,FALSE,
5665.jpg,1,0,0,0,0,FALSE,
5680.jpg,1,0,4,1,1,FALSE,
5683.jpg,1,0,3,0,0,FALSE,
5693.jpeg,1,0,2,1,0,FALSE,
5699.jpg,1,0,3,1,1,FALSE,
5709.jpg,1,0,0,0,0,FALSE,
5801.jpg,1,0,1,1,1,FALSE,
5838.jpg,1,0,0,0,0,FALSE,
5855.jpg,1,0,4,0,0,FALSE,
5864.jpg,1,0,0,0,0,FALSE,
5883.jpg,1,0,0,0,1,FALSE,
5927.jpg,1,0,2,2,1,FALSE,
5934.jpg,1,0,0,0,1,FALSE,
5936.jpg,1,0,2,2,1,FALSE,
5941.jpg,1,0,0,0,0,FALSE,
5958.jpg,1,0,3,0,0,FALSE,
5961.jpg,1,0,0,0,0,FALSE,
5967.jpg,1,0,0,0,1,FALSE,
5970.jpg,1,0,0,1,0,FALSE,
5971.jpg,1,0,0,0,0,FALSE,
5972.jpg,1,0,0,0,0,FALSE,
5976.jpg,1,0,0,1,0,FALSE,
5981.jpg,1,0,0,0,0,FALSE,
6002.jpg,1,0,0,0,0,FALSE,
6004.jpg,1,0,0,0,1,FALSE,
6032.jpg,1,0,0,0,1,FALSE,
6034.jpg,1,0,0,0,1,FALSE,
6035.jpg,1,0,0,0,0,FALSE,
6058.jpg,1,0,0,0,1,FALSE,
6065.jpg,1,0,0,0,1,FALSE,
6071.jpg,1,0,2,1,1,FALSE,
6076.jpg,1,0,2,2,1,FALSE,
6078.jpg,1,0,0,0,1,FALSE,
6096.jpg,1,0,1,1,1,FALSE,
6100.png,1,0,2,1,0,FALSE,
6115.jpg,1,0,0,0,1,FALSE,
6121.jpg,1,0,0,0,1,FALSE,
6125.jpg,1,0,0,0,0,FALSE,
6130.jpg,1,0,1,1,0,FALSE,
6132.jpg,1,0,0,0,1,FALSE,
6145.jpg,1,0,0,0,0,FALSE,
6149.jpg,1,0,2,2,1,FALSE,
6169.jpg,1,0,0,0,1,FALSE,
6186.jpg,1,0,0,0,0,FALSE,
6188.jpg,1,0,0,0,1,FALSE,
6206.jpg,1,0,2,2,1,FALSE,
6213.jpg,1,0,3,1,1,FALSE,
6221.jpg,1,0,3,1,1,FALSE,
6224.jpg,1,0,2,2,1,FALSE,
6235.jpg,1,0,1,1,0,FALSE,
6238.jpg,1,0,1,1,0,FALSE,
6246.jpg,1,0,1,2,0,FALSE,
6254.jpg,1,0,0,0,0,FALSE,
6274.jpg,1,0,2,2,0,FALSE,
6296.jpg,1,0,3,1,1,FALSE,
6305.jpg,1,0,3,0,0,FALSE,
6326.jpg,1,0,3,0,0,FALSE,
6327.jpg,1,0,3,0,0,FALSE,
6345.jpg,1,0,2,2,1,FALSE,
6348.jpg,1,0,3,0,1,FALSE,
6356.jpeg,1,0,2,2,1,FALSE,
6359.jpg,1,0,3,0,0,FALSE,
6381.jpg,1,0,2,2,0,FALSE,
6383.jpg,1,0,2,2,1,FALSE,
1803.jpg,1,1,3,0,1,FALSE,
1806.jpg,1,1,0,0,1,FALSE,
1822.jpg,1,1,1,1,0,FALSE,
1823.jpg,1,1,2,2,1,FALSE,
1829.jpg,1,1,0,0,0,FALSE,
1844.jpg,1,1,2,2,1,FALSE,
1845.jpg,1,1,1,1,0,FALSE,
1848.jpg,1,1,1,1,0,FALSE,
1864.jpg,1,1,0,0,1,FALSE,
1894.jpg,1,1,3,0,0,FALSE,
1896.jpg,1,1,4,0,0,FALSE,
1903.jpg,1,1,2,1,1,FALSE,
1905.jpg,1,1,0,0,1,FALSE,
1909.jpg,1,1,1,1,1,FALSE,
1920.jpg,1,1,0,0,0,FALSE,
1954.jpg,1,1,1,1,0,FALSE,
1973.jpg,1,1,4,1,0,FALSE,
1996.jpg,1,1,3,0,0,FALSE,
1997.jpg,1,1,0,0,0,FALSE,
2001.jpg,1,1,0,0,1,FALSE,
2040.jpg,1,1,3,1,1,FALSE,
2043.jpg,1,1,0,1,1,FALSE,
2056.jpg,1,1,3,1,0,FALSE,
2083.jpg,1,1,3,0,0,FALSE,
2086.jpg,1,1,0,0,1,FALSE,
2099.jpg,1,1,3,0,0,FALSE,
2100.jpg,1,1,0,0,0,FALSE,
2130.jpg,1,1,4,1,1,FALSE,
2132.jpg,1,1,0,0,1,FALSE,
2141.jpg,1,1,2,2,0,FALSE,
2153.png,1,1,0,0,0,FALSE,
2154.png,1,1,0,0,1,FALSE,
2161.png,1,1,0,0,0,FALSE,
2179.png,1,1,0,0,1,FALSE,
2182.png,1,1,1,1,0,FALSE,
2190.png,1,1,0,0,1,FALSE,
2192.png,1,1,2,2,1,FALSE,
2204.png,1,1,1,1,0,FALSE,
2225.png,1,1,1,1,0,FALSE,
2234.png,1,1,3,0,1,FALSE,
2244.png,1,1,0,0,0,FALSE,
2251.png,1,1,0,0,0,FALSE,
2252.png,1,1,1,0,0,FALSE,
2260.png,1,1,0,0,0,FALSE,
2264.png,1,1,0,0,1,FALSE,
2266.png,1,1,0,1,0,FALSE,
2282.png,1,1,0,0,0,FALSE,
2291.png,1,1,0,0,1,FALSE,
2292.png,1,1,3,0,1,FALSE,
2300.png,1,1,0,0,0,FALSE,
2309.png,1,1,4,1,0,FALSE,uncertain
2315.png,1,1,0,0,1,FALSE,
2316.png,1,1,0,0,0,FALSE,
2317.png,1,1,3,0,1,FALSE,
2320.png,1,1,2,1,0,FALSE,
2328.png,1,1,0,0,0,FALSE,
2331.png,1,1,3,0,0,FALSE,
2333.png,1,1,1,1,1,FALSE,
2357.png,1,1,0,0,0,FALSE,
2361.png,1,1,3,0,1,FALSE,
2366.png,1,1,0,0,0,FALSE,
2382.png,1,1,0,0,0,FALSE,
2393.png,1,1,0,0,0,FALSE,
2396.png,1,1,0,0,0,FALSE,
2409.png,1,1,1,1,0,FALSE,
2410.png,1,1,0,0,0,FALSE,
2434.png,1,1,1,1,0,FALSE,
2465.png,1,1,0,0,0,FALSE,
2467.png,1,1,3,0,0,FALSE,
2475.png,1,1,0,0,1,FALSE,
2491.png,1,1,3,1,1,FALSE,
2505.png,1,1,0,0,0,FALSE,
2510.png,1,1,3,1,0,FALSE,
2523.png,1,1,0,0,0,FALSE,
2534.png,1,1,0,0,1,FALSE,
2535.png,1,1,3,0,0,FALSE,
2539.png,1,1,0,0,1,FALSE,
2565.png,1,1,1,1,1,FALSE,
2577.png,1,1,3,0,0,FALSE,
2584.png,1,1,0,0,0,FALSE,
2593.png,1,1,0,0,1,FALSE,
2600.png,1,1,0,0,0,FALSE,
2604.png,1,1,3,1,0,FALSE,
2608.png,1,1,0,0,1,FALSE,
2613.png,1,1,4,1,1,FALSE,
2640.png,1,1,2,1,0,FALSE,
2641.png,1,1,0,0,0,FALSE,
2657.png,1,1,0,0,1,FALSE,
2662.png,1,1,0,0,0,FALSE,
2677.png,1,1,2,2,1,FALSE,
2681.png,1,1,0,0,1,FALSE,
2684.png,1,1,0,0,1,FALSE,
2710.png,1,1,0,0,0,FALSE,
2722.png,1,1,0,0,1,FALSE,
2736.png,1,1,4,2,1,FALSE,uncertain
2745.png,1,1,0,0,1,FALSE,
2747.png,1,1,0,0,1,FALSE,
2748.png,1,1,3,1,0,FALSE,
2763.png,1,1,0,0,1,FALSE,
2774.png,1,1,0,0,0,FALSE,
2775.png,1,1,0,0,1,FALSE,
2782.png,1,1,1,1,0,FALSE,
2784.png,1,1,2,2,0,FALSE,
2825.png,1,1,3,0,0,FALSE,
2829.png,1,1,0,0,1,FALSE,
2840.png,1,1,0,0,0,FALSE,
2847.png,1,1,0,0,1,FALSE,
2848.png,1,1,0,0,1,FALSE,
2854.png,1,1,0,0,0,FALSE,
2855.png,1,1,3,1,0,FALSE,
2861.png,1,1,3,1,1,FALSE,
2864.png,1,1,2,2,1,FALSE,
2869.png,1,1,3,0,1,FALSE,
2873.png,1,1,3,1,0,FALSE,
2876.png,1,1,0,0,1,FALSE,
2879.png,1,1,0,0,0,FALSE,
2898.png,1,1,3,1,0,FALSE,
2901.png,1,1,3,0,0,FALSE,
2902.png,1,1,0,0,1,FALSE,
2903.png,1,1,0,0,0,FALSE,
2910.png,1,1,3,1,1,FALSE,
2911.png,1,1,0,0,1,FALSE,
2913.png,1,1,0,0,0,FALSE,
2930.png,1,1,0,0,0,FALSE,
2944.png,1,1,1,1,1,FALSE,
2945.png,1,1,3,1,1,FALSE,
2961.png,1,1,2,2,1,FALSE,
1818.jpg,1,1,0,0,0,FALSE,
1839.jpg,1,1,0,0,0,FALSE,
1854.jpg,1,1,0,0,0,FALSE,
1867.jpg,1,1,0,1,1,FALSE,
1870.jpg,1,1,0,1,1,FALSE,
1882.jpg,1,1,3,0,1,FALSE,
1902.jpg,1,1,3,0,0,FALSE,
1904.jpg,1,1,0,0,0,FALSE,
1911.jpg,1,1,0,0,1,FALSE,
1915.png,1,1,3,0,0,FALSE,
1918.jpg,1,1,0,0,0,FALSE,
1927.jpg,1,1,1,1,0,FALSE,
1959.jpg,1,1,3,0,0,FALSE,
2013.jpg,1,1,1,1,1,FALSE,
2025.jpg,1,1,3,0,0,FALSE,
2063.jpg,1,1,0,0,1,FALSE,
2065.jpg,1,1,0,0,1,FALSE,
2110.jpg,1,1,3,0,0,FALSE,
2113.jpg,1,1,0,1,0,FALSE,
2114.jpeg,1,1,0,0,1,FALSE,
2136.jpg,1,1,0,0,0,FALSE,
2159.png,1,1,3,0,1,FALSE,
2160.png,1,1,0,0,1,FALSE,
2163.png,1,1,0,1,1,FALSE,
2167.png,1,1,0,0,1,FALSE,
2169.png,1,1,0,0,1,FALSE,
2176.png,1,1,0,0,1,FALSE,
2183.png,1,1,0,0,0,FALSE,
2205.png,1,1,0,0,0,FALSE,
2216.png,1,1,0,0,0,FALSE,
2220.png,1,1,0,0,0,FALSE,
2228.png,1,1,0,0,0,FALSE,
2254.png,1,1,3,0,0,FALSE,
2267.png,1,1,0,0,0,FALSE,
2268.png,1,1,1,1,1,FALSE,
2289.png,1,1,0,0,1,FALSE,
2321.png,1,1,0,0,1,FALSE,
2323.png,1,1,3,0,0,FALSE,
2324.png,1,1,3,0,0,FALSE,
2325.png,1,1,0,1,1,FALSE,
2335.png,1,1,0,1,0,FALSE,
2340.png,1,1,0,0,1,FALSE,
2342.png,1,1,3,0,0,FALSE,
2356.png,1,1,0,0,1,FALSE,
2360.png,1,1,3,1,1,FALSE,
2367.png,1,1,2,2,1,FALSE,
2372.png,1,1,3,0,0,FALSE,
2381.png,1,1,0,0,1,FALSE,
2389.png,1,1,0,0,1,FALSE,
2400.png,1,1,0,1,0,FALSE,
2403.png,1,1,0,0,0,FALSE,
2423.png,1,1,3,1,1,FALSE,
2424.png,1,1,0,1,1,FALSE,
2425.png,1,1,3,0,1,FALSE,
2430.png,1,1,0,1,1,FALSE,
2436.png,1,1,0,0,0,FALSE,
2437.png,1,1,3,0,0,FALSE,
2458.png,1,1,1,1,1,FALSE,
2463.png,1,1,0,0,0,FALSE,
2488.png,1,1,2,2,1,FALSE,
2489.png,1,1,3,0,0,FALSE,
2507.png,1,1,0,0,1,FALSE,
2530.png,1,1,0,0,0,FALSE,
2533.png,1,1,0,1,1,FALSE,
2536.png,1,1,0,0,0,FALSE,
2543.png,1,1,3,0,0,FALSE,
2548.png,1,1,0,0,0,FALSE,
2553.png,1,1,0,0,0,FALSE,
2556.png,1,1,3,0,0,FALSE,
2558.png,1,1,2,2,1,FALSE,
2559.png,1,1,0,0,1,FALSE,
2561.png,1,1,2,2,1,FALSE,
2564.png,1,1,0,0,0,FALSE,
2567.png,1,1,3,0,0,FALSE,
2578.png,1,1,3,1,1,FALSE,
2580.png,1,1,3,0,1,FALSE,
2589.png,1,1,0,0,0,FALSE,
2591.png,1,1,0,1,0,FALSE,
2594.png,1,1,3,0,1,FALSE,
2595.png,1,1,2,2,1,FALSE,
2602.png,1,1,0,1,0,FALSE,
2620.png,1,1,0,0,1,FALSE,
2621.png,1,1,0,0,1,FALSE,
2623.png,1,1,3,0,1,FALSE,
2650.png,1,1,0,0,0,FALSE,
2651.png,1,1,0,0,0,FALSE,
2654.png,1,1,0,0,1,FALSE,
2659.png,1,1,0,0,1,FALSE,
2663.png,1,1,0,0,0,FALSE,
2679.png,1,1,0,0,1,FALSE,
2680.png,1,1,2,2,1,FALSE,
2683.png,1,1,0,0,1,FALSE,
2690.png,1,1,0,0,1,FALSE,
2700.png,1,1,3,0,1,FALSE,
2705.png,1,1,1,1,1,FALSE,
2708.png,1,1,0,1,1,FALSE,
2713.png,1,1,3,0,1,FALSE,
2723.png,1,1,3,0,0,FALSE,
2726.png,1,1,3,0,0,FALSE,
2759.png,1,1,0,1,0,FALSE,
2771.png,1,1,0,0,1,FALSE,
2777.png,1,1,0,0,1,FALSE,
2781.png,1,1,0,0,1,FALSE,
2789.png,1,1,0,0,1,FALSE,
2805.png,1,1,3,0,0,FALSE,
2807.png,1,1,0,0,1,FALSE,
2814.png,1,1,3,0,1,FALSE,
2835.png,1,1,0,0,0,FALSE,
2839.png,1,1,0,0,0,FALSE,
2844.png,1,1,0,0,0,FALSE,
2849.png,1,1,0,0,1,FALSE,
2850.png,1,1,0,0,1,FALSE,
2852.png,1,1,3,0,0,FALSE,
2859.png,1,1,0,1,1,FALSE,
2865.png,1,1,0,0,1,FALSE,
2891.png,1,1,3,0,0,FALSE,
2906.png,1,1,4,2,0,FALSE,
2908.png,1,1,0,0,1,FALSE,
2916.png,1,1,0,1,0,FALSE,
2940.png,1,1,0,0,1,FALSE,
2950.png,1,1,2,1,1,FALSE,
2973.png,1,1,0,0,1,FALSE,
2974.png,1,1,3,0,0,FALSE,
2981.png,1,1,0,0,0,FALSE,
2984.png,1,1,3,0,1,FALSE,
2986.png,1,1,0,0,1,FALSE,
2989.png,1,1,4,1,1,FALSE,
2991.png,1,1,2,2,0,FALSE,
2996.png,1,1,0,0,1,FALSE,
3004.png,1,1,0,0,0,FALSE,
3009.png,1,1,0,0,0,FALSE,
3011.png,1,1,2,2,0,FALSE,
3015.png,1,1,0,0,1,FALSE,
3023.png,1,1,3,0,1,FALSE,
3033.png,1,1,2,2,1,FALSE,
3034.png,1,1,0,1,1,FALSE,
3036.png,1,1,0,0,1,FALSE,
3044.png,1,1,0,0,0,FALSE,
3048.png,1,1,2,2,1,FALSE,
3051.png,1,1,0,0,0,FALSE,
3059.png,1,1,0,0,0,FALSE,
3066.png,1,1,3,0,0,FALSE,
3073.png,1,1,0,0,1,FALSE,
1809.jpg,1,0,2,2,1,FALSE,
1921.jpg,1,0,0,0,1,FALSE,
1932.jpg,1,0,2,2,1,FALSE,
1975.jpg,1,0,2,2,1,FALSE,
2064.jpg,1,0,0,0,1,FALSE,
2082.jpg,1,0,0,0,1,FALSE,
2247.png,1,0,0,0,0,FALSE,
2311.png,1,0,0,0,0,FALSE,
2513.png,1,0,0,0,0,FALSE,
2521.png,1,0,3,0,0,FALSE,
2575.png,1,0,3,0,0,FALSE,
2817.png,1,0,0,0,0,FALSE,
2964.png,1,0,2,1,0,FALSE,
2967.png,1,0,0,1,0,FALSE,
3025.png,1,0,0,0,0,FALSE,
3253.png,1,0,0,1,0,FALSE,
3314.png,1,0,0,0,0,FALSE,
3379.png,1,0,0,1,0,FALSE,
3597.png,1,0,0,0,1,FALSE,
4180.png,1,0,0,1,0,FALSE,
4364.png,1,0,0,0,1,FALSE,
4433.png,1,0,0,0,1,FALSE,
4472.png,1,0,0,0,0,FALSE,
4796.png,1,0,3,0,0,FALSE,
4879.png,1,0,0,0,0,FALSE,
4967.png,1,0,3,0,1,FALSE,
5047.jpg,1,0,2,2,1,FALSE,
5103.jpg,1,0,0,0,0,FALSE,
5161.jpg,1,0,0,0,1,FALSE,
5173.jpg,1,0,4,1,1,FALSE,
5247.jpg,1,0,0,0,1,FALSE,
5252.jpg,1,0,0,0,0,FALSE,
5257.jpg,1,0,0,0,0,FALSE,
5259.jpg,1,0,0,0,0,FALSE,
5269.jpg,1,0,0,1,0,FALSE,
5284.jpg,1,0,4,1,0,FALSE,
5295.jpg,1,0,0,0,0,FALSE,
5315.jpg,1,0,0,1,1,FALSE,
5332.jpg,1,0,0,0,1,FALSE,
5353.jpg,1,0,0,0,1,FALSE,
5379.jpg,1,0,0,0,0,FALSE,
5380.jpg,1,0,0,0,1,FALSE,
5381.jpg,1,0,3,1,0,FALSE,
5409.jpg,1,0,0,0,1,FALSE,
5460.jpeg,1,0,4,1,1,FALSE,
5469.jpg,1,0,3,0,0,FALSE,
5502.jpg,1,0,0,1,1,FALSE,
5510.jpeg,1,0,2,1,1,FALSE,
5533.jpg,1,0,4,1,0,FALSE,
5540.jpg,1,0,2,2,1,FALSE,
5541.jpg,1,0,2,2,1,FALSE,
5561.jpg,1,0,1,1,1,FALSE,
5564.jpeg,1,0,2,2,1,FALSE,
5570.jpg,1,0,3,0,1,FALSE,
5575.jpg,1,0,3,0,1,FALSE,
5613.jpg,1,0,0,0,1,FALSE,
5614.jpeg,1,0,4,1,1,FALSE,
5623.jpg,1,0,3,1,1,FALSE,
5633.jpg,1,0,0,0,1,FALSE,
5646.jpg,1,0,0,1,0,FALSE,
5657.png,1,0,1,1,0,FALSE,
5663.jpg,1,0,3,0,0,FALSE,
5690.jpg,1,0,2,2,0,FALSE,
5694.jpg,1,0,0,0,0,FALSE,
5697.jpg,1,0,0,1,1,FALSE,
5764.jpg,1,0,3,1,1,FALSE,
5787.jpg,1,0,0,0,1,FALSE,
5868.jpg,1,0,0,0,1,FALSE,
5910.jpg,1,0,0,0,1,FALSE,
5937.jpg,1,0,0,0,0,FALSE,
5956.jpg,1,0,0,0,1,FALSE,
5996.jpg,1,0,0,0,0,FALSE,
6019.png,1,0,0,0,0,FALSE,
6020.jpeg,1,0,3,1,1,FALSE,
6023.jpg,1,0,2,2,1,FALSE,
6024.jpg,1,0,2,2,1,FALSE,
6030.jpg,1,0,0,0,1,FALSE,
6040.jpg,1,0,0,0,1,FALSE,
6043.jpg,1,0,0,0,0,FALSE,
6056.jpg,1,0,0,1,0,FALSE,
6083.jpg,1,0,0,1,0,FALSE,
6087.png,1,0,0,1,0,FALSE,
6094.jpg,1,0,0,0,1,FALSE,
6105.jpg,1,0,4,1,1,FALSE,
6106.jpg,1,0,0,0,1,FALSE,
6122.jpg,1,0,0,0,1,FALSE,
6124.jpg,1,0,0,0,1,FALSE,
6127.jpg,1,0,0,0,1,FALSE,
6129.jpg,1,0,0,0,0,FALSE,
6139.jpg,1,0,2,2,0,FALSE,
6143.jpg,1,0,0,0,1,FALSE,
6153.jpg,1,0,0,0,1,FALSE,
6155.jpg,1,0,2,2,0,FALSE,
6156.jpg,1,0,2,2,1,FALSE,
6160.jpg,1,0,0,0,0,FALSE,
6166.png,1,0,0,0,0,FALSE,
6174.jpg,1,0,2,2,0,FALSE,
6178.jpg,1,0,2,2,0,FALSE,
6180.jpg,1,0,0,0,1,FALSE,
6187.jpg,1,0,0,0,0,FALSE,
6200.jpeg,1,0,2,2,0,FALSE,
6207.jpg,1,0,4,1,1,FALSE,
6244.jpg,1,0,4,1,0,FALSE,
6260.jpg,1,0,3,1,0,FALSE,
6261.jpg,1,0,0,0,1,FALSE,
6262.jpg,1,0,3,1,0,FALSE,
