,Img,Person_num,Mask_on,Race,SkinColor,Sex,x1,x2,y1,y2,key,img_path
0,20_0_2_20170103234745028.jpg,1,0,3,,1,184,502,27,393,20_0_2_20170103234745028,c:\Users\ohund\workspace\project_human_centered_machine_learning_test\faces_only\subset\asian\male\20_0_2_20170103234745028.jpg
1,20_0_2_20170116161442758.jpg,1,0,3,,1,134,486,25,436,20_0_2_20170116161442758,c:\Users\ohund\workspace\project_human_centered_machine_learning_test\faces_only\subset\asian\male\20_0_2_20170116161442758.jpg
2,20_0_2_20170117135024223.jpg,1,0,3,,1,185,559,75,587,20_0_2_20170117135024223,c:\Users\ohund\workspace\project_human_centered_machine_learning_test\faces_only\subset\asian\male\20_0_2_20170117135024223.jpg
3,20_1_3_20170105000847091.jpg,1,0,4,,0,175,351,1,182,20_1_3_20170105000847091,c:\Users\ohund\workspace\project_human_centered_machine_learning_test\faces_only\subset\indian\female\20_1_3_20170105000847091.jpg
4,20_1_3_20170117141108233.jpg,1,0,4,,0,268,684,24,686,20_1_3_20170117141108233,c:\Users\ohund\workspace\project_human_centered_machine_learning_test\faces_only\subset\indian\female\20_1_3_20170117141108233.jpg
5,20_1_3_20170117141155272.jpg,1,0,4,,0,250,593,62,454,20_1_3_20170117141155272,c:\Users\ohund\workspace\project_human_centered_machine_learning_test\faces_only\subset\indian\female\20_1_3_20170117141155272.jpg
6,20_1_3_20170119144712261.jpg,1,0,4,,0,90,295,43,284,20_1_3_20170119144712261,c:\Users\ohund\workspace\project_human_centered_machine_learning_test\faces_only\subset\indian\female\20_1_3_20170119144712261.jpg
7,20_1_3_20170119150812423.jpg,1,0,4,,0,84,249,27,216,20_1_3_20170119150812423,c:\Users\ohund\workspace\project_human_centered_machine_learning_test\faces_only\subset\indian\female\20_1_3_20170119150812423.jpg
8,20_1_3_20170119151017902.jpg,1,0,4,,0,27,181,65,237,20_1_3_20170119151017902,c:\Users\ohund\workspace\project_human_centered_machine_learning_test\faces_only\subset\indian\female\20_1_3_20170119151017902.jpg
9,20_1_3_20170119153148521.jpg,1,0,4,,0,80,354,59,375,20_1_3_20170119153148521,c:\Users\ohund\workspace\project_human_centered_machine_learning_test\faces_only\subset\indian\female\20_1_3_20170119153148521.jpg
10,20_1_3_20170119153308793.jpg,1,0,4,,0,51,235,114,313,20_1_3_20170119153308793,c:\Users\ohund\workspace\project_human_centered_machine_learning_test\faces_only\subset\indian\female\20_1_3_20170119153308793.jpg
11,20_1_3_20170119153311735.jpg,1,0,4,,0,55,315,93,407,20_1_3_20170119153311735,c:\Users\ohund\workspace\project_human_centered_machine_learning_test\faces_only\subset\indian\female\20_1_3_20170119153311735.jpg
12,20_1_3_20170119153422217.jpg,1,0,4,,0,505,930,313,793,20_1_3_20170119153422217,c:\Users\ohund\workspace\project_human_centered_machine_learning_test\faces_only\subset\indian\female\20_1_3_20170119153422217.jpg
13,20_1_3_20170119153518449.jpg,1,0,4,,0,20,218,54,248,20_1_3_20170119153518449,c:\Users\ohund\workspace\project_human_centered_machine_learning_test\faces_only\subset\indian\female\20_1_3_20170119153518449.jpg
14,20_1_3_20170119153712943.jpg,1,0,4,,0,213,415,56,301,20_1_3_20170119153712943,c:\Users\ohund\workspace\project_human_centered_machine_learning_test\faces_only\subset\indian\female\20_1_3_20170119153712943.jpg
15,20_1_3_20170119153750257.jpg,1,0,4,,0,105,282,137,361,20_1_3_20170119153750257,c:\Users\ohund\workspace\project_human_centered_machine_learning_test\faces_only\subset\indian\female\20_1_3_20170119153750257.jpg
16,20_1_3_20170119153755113.jpg,1,0,4,,0,184,358,57,273,20_1_3_20170119153755113,c:\Users\ohund\workspace\project_human_centered_machine_learning_test\faces_only\subset\indian\female\20_1_3_20170119153755113.jpg
17,20_1_3_20170119153820321.jpg,1,0,4,,0,44,298,27,342,20_1_3_20170119153820321,c:\Users\ohund\workspace\project_human_centered_machine_learning_test\faces_only\subset\indian\female\20_1_3_20170119153820321.jpg
18,20_1_3_20170119180453339.jpg,1,0,4,,0,170,301,68,233,20_1_3_20170119180453339,c:\Users\ohund\workspace\project_human_centered_machine_learning_test\faces_only\subset\indian\female\20_1_3_20170119180453339.jpg
19,20_1_3_20170119180826861.jpg,1,0,4,,0,311,373,62,150,20_1_3_20170119180826861,c:\Users\ohund\workspace\project_human_centered_machine_learning_test\faces_only\subset\indian\female\20_1_3_20170119180826861.jpg
20,21_0_2_20170103205914442.jpg,1,0,3,,1,147,314,13,211,21_0_2_20170103205914442,c:\Users\ohund\workspace\project_human_centered_machine_learning_test\faces_only\subset\asian\male\21_0_2_20170103205914442.jpg
21,21_0_2_20170103234754659.jpg,1,0,3,,1,72,221,26,215,21_0_2_20170103234754659,c:\Users\ohund\workspace\project_human_centered_machine_learning_test\faces_only\subset\asian\male\21_0_2_20170103234754659.jpg
22,21_0_2_20170107213417643.jpg,1,0,3,,1,83,207,35,192,21_0_2_20170107213417643,c:\Users\ohund\workspace\project_human_centered_machine_learning_test\faces_only\subset\asian\male\21_0_2_20170107213417643.jpg
23,21_0_2_20170116161452673.jpg,1,0,3,,1,215,449,98,373,21_0_2_20170116161452673,c:\Users\ohund\workspace\project_human_centered_machine_learning_test\faces_only\subset\asian\male\21_0_2_20170116161452673.jpg
24,21_0_2_20170116164809162.jpg,1,0,3,,1,113,428,61,464,21_0_2_20170116164809162,c:\Users\ohund\workspace\project_human_centered_machine_learning_test\faces_only\subset\asian\male\21_0_2_20170116164809162.jpg
25,21_0_2_20170116165220655.jpg,1,0,3,,1,355,759,114,557,21_0_2_20170116165220655,c:\Users\ohund\workspace\project_human_centered_machine_learning_test\faces_only\subset\asian\male\21_0_2_20170116165220655.jpg
26,21_0_3_20161220221819298.jpg,1,0,4,,1,86,189,58,171,21_0_3_20161220221819298,c:\Users\ohund\workspace\project_human_centered_machine_learning_test\faces_only\subset\indian\male\21_0_3_20161220221819298.jpg
27,21_0_3_20170104214322765.jpg,1,0,4,,1,48,122,29,115,21_0_3_20170104214322765,c:\Users\ohund\workspace\project_human_centered_machine_learning_test\faces_only\subset\indian\male\21_0_3_20170104214322765.jpg
28,21_0_3_20170104225749698.jpg,1,0,4,,1,66,230,96,240,21_0_3_20170104225749698,c:\Users\ohund\workspace\project_human_centered_machine_learning_test\faces_only\subset\indian\male\21_0_3_20170104225749698.jpg
29,21_0_3_20170104225826937.jpg,1,0,4,,1,79,175,43,140,21_0_3_20170104225826937,c:\Users\ohund\workspace\project_human_centered_machine_learning_test\faces_only\subset\indian\male\21_0_3_20170104225826937.jpg
30,21_0_3_20170104225910065.jpg,1,0,4,,1,97,300,70,316,21_0_3_20170104225910065,c:\Users\ohund\workspace\project_human_centered_machine_learning_test\faces_only\subset\indian\male\21_0_3_20170104225910065.jpg
31,21_0_3_20170104230524803.jpg,1,0,4,,1,224,302,32,145,21_0_3_20170104230524803,c:\Users\ohund\workspace\project_human_centered_machine_learning_test\faces_only\subset\indian\male\21_0_3_20170104230524803.jpg
32,21_0_3_20170104230718873.jpg,1,0,4,,1,138,316,126,282,21_0_3_20170104230718873,c:\Users\ohund\workspace\project_human_centered_machine_learning_test\faces_only\subset\indian\male\21_0_3_20170104230718873.jpg
33,21_0_3_20170117141619327.jpg,1,0,4,,1,110,265,159,357,21_0_3_20170117141619327,c:\Users\ohund\workspace\project_human_centered_machine_learning_test\faces_only\subset\indian\male\21_0_3_20170117141619327.jpg
34,21_0_3_20170117141644440.jpg,1,0,4,,1,227,495,124,443,21_0_3_20170117141644440,c:\Users\ohund\workspace\project_human_centered_machine_learning_test\faces_only\subset\indian\male\21_0_3_20170117141644440.jpg
35,21_0_3_20170119150216454.jpg,1,0,4,,1,49,396,49,406,21_0_3_20170119150216454,c:\Users\ohund\workspace\project_human_centered_machine_learning_test\faces_only\subset\indian\male\21_0_3_20170119150216454.jpg
36,21_0_3_20170119153824472.jpg,1,0,4,,1,26,120,17,149,21_0_3_20170119153824472,c:\Users\ohund\workspace\project_human_centered_machine_learning_test\faces_only\subset\indian\male\21_0_3_20170119153824472.jpg
37,21_0_3_20170119153827185.jpg,1,0,4,,1,11,171,28,191,21_0_3_20170119153827185,c:\Users\ohund\workspace\project_human_centered_machine_learning_test\faces_only\subset\indian\male\21_0_3_20170119153827185.jpg
38,21_0_3_20170119154036769.jpg,1,0,4,,1,114,308,48,283,21_0_3_20170119154036769,c:\Users\ohund\workspace\project_human_centered_machine_learning_test\faces_only\subset\indian\male\21_0_3_20170119154036769.jpg
39,21_0_3_20170119154042345.jpg,1,0,4,,1,217,310,32,121,21_0_3_20170119154042345,c:\Users\ohund\workspace\project_human_centered_machine_learning_test\faces_only\subset\indian\male\21_0_3_20170119154042345.jpg
40,21_0_3_20170119154046385.jpg,1,0,4,,1,74,233,66,266,21_0_3_20170119154046385,c:\Users\ohund\workspace\project_human_centered_machine_learning_test\faces_only\subset\indian\male\21_0_3_20170119154046385.jpg
41,21_0_3_20170119154213179.jpg,1,0,4,,1,155,384,110,321,21_0_3_20170119154213179,c:\Users\ohund\workspace\project_human_centered_machine_learning_test\faces_only\subset\indian\male\21_0_3_20170119154213179.jpg
42,21_0_3_20170119154219118.jpg,1,0,4,,1,137,354,122,444,21_0_3_20170119154219118,c:\Users\ohund\workspace\project_human_centered_machine_learning_test\faces_only\subset\indian\male\21_0_3_20170119154219118.jpg
43,21_0_3_20170119154239873.jpg,1,0,4,,1,102,339,55,322,21_0_3_20170119154239873,c:\Users\ohund\workspace\project_human_centered_machine_learning_test\faces_only\subset\indian\male\21_0_3_20170119154239873.jpg
44,21_0_3_20170119154249810.jpg,1,0,4,,1,155,331,56,247,21_0_3_20170119154249810,c:\Users\ohund\workspace\project_human_centered_machine_learning_test\faces_only\subset\indian\male\21_0_3_20170119154249810.jpg
45,21_0_3_20170119154329337.jpg,1,0,4,,1,161,276,59,189,21_0_3_20170119154329337,c:\Users\ohund\workspace\project_human_centered_machine_learning_test\faces_only\subset\indian\male\21_0_3_20170119154329337.jpg
46,21_0_3_20170119155412162.jpg,1,0,4,,1,223,381,135,319,21_0_3_20170119155412162,c:\Users\ohund\workspace\project_human_centered_machine_learning_test\faces_only\subset\indian\male\21_0_3_20170119155412162.jpg
47,21_0_4_20161223214759249.jpg,1,0,4,,1,38,181,1,162,21_0_4_20161223214759249,c:\Users\ohund\workspace\project_human_centered_machine_learning_test\faces_only\subset\indian\male\21_0_4_20161223214759249.jpg
48,21_0_4_20161223214802865.jpg,1,0,4,,0,100,166,34,118,21_0_4_20161223214802865,c:\Users\ohund\workspace\project_human_centered_machine_learning_test\faces_only\subset\indian\female\21_0_4_20161223214802865.jpg
49,21_1_3_20170104222046054.jpg,1,0,4,,0,121,288,79,245,21_1_3_20170104222046054,c:\Users\ohund\workspace\project_human_centered_machine_learning_test\faces_only\subset\indian\female\21_1_3_20170104222046054.jpg
50,21_1_3_20170104222056815.jpg,1,0,4,,0,168,361,82,257,21_1_3_20170104222056815,c:\Users\ohund\workspace\project_human_centered_machine_learning_test\faces_only\subset\indian\female\21_1_3_20170104222056815.jpg
51,21_1_3_20170104222105039.jpg,1,0,4,,0,66,278,96,335,21_1_3_20170104222105039,c:\Users\ohund\workspace\project_human_centered_machine_learning_test\faces_only\subset\indian\female\21_1_3_20170104222105039.jpg
52,21_1_3_20170104222105822.jpg,1,0,4,,0,108,316,103,349,21_1_3_20170104222105822,c:\Users\ohund\workspace\project_human_centered_machine_learning_test\faces_only\subset\indian\female\21_1_3_20170104222105822.jpg
53,21_1_3_20170104222108390.jpg,1,0,4,,0,76,315,127,358,21_1_3_20170104222108390,c:\Users\ohund\workspace\project_human_centered_machine_learning_test\faces_only\subset\indian\female\21_1_3_20170104222108390.jpg
54,21_1_3_20170104222111271.jpg,1,0,4,,0,113,352,86,279,21_1_3_20170104222111271,c:\Users\ohund\workspace\project_human_centered_machine_learning_test\faces_only\subset\indian\female\21_1_3_20170104222111271.jpg
55,21_1_3_20170104222114302.jpg,1,0,4,,0,169,341,96,290,21_1_3_20170104222114302,c:\Users\ohund\workspace\project_human_centered_machine_learning_test\faces_only\subset\indian\female\21_1_3_20170104222114302.jpg
56,21_1_3_20170104222116782.jpg,1,0,4,,0,116,379,77,343,21_1_3_20170104222116782,c:\Users\ohund\workspace\project_human_centered_machine_learning_test\faces_only\subset\indian\female\21_1_3_20170104222116782.jpg
57,21_1_3_20170104222118687.jpg,1,0,4,,0,32,335,112,380,21_1_3_20170104222118687,c:\Users\ohund\workspace\project_human_centered_machine_learning_test\faces_only\subset\indian\female\21_1_3_20170104222118687.jpg
58,21_1_3_20170104222120446.jpg,1,0,4,,0,59,280,122,325,21_1_3_20170104222120446,c:\Users\ohund\workspace\project_human_centered_machine_learning_test\faces_only\subset\indian\female\21_1_3_20170104222120446.jpg
59,21_1_3_20170104222121713.jpg,1,0,4,,0,67,330,101,375,21_1_3_20170104222121713,c:\Users\ohund\workspace\project_human_centered_machine_learning_test\faces_only\subset\indian\female\21_1_3_20170104222121713.jpg
60,21_1_3_20170104222522503.jpg,1,0,4,,0,55,294,119,355,21_1_3_20170104222522503,c:\Users\ohund\workspace\project_human_centered_machine_learning_test\faces_only\subset\indian\female\21_1_3_20170104222522503.jpg
61,21_1_3_20170104222653479.jpg,1,0,4,,0,200,339,85,235,21_1_3_20170104222653479,c:\Users\ohund\workspace\project_human_centered_machine_learning_test\faces_only\subset\indian\female\21_1_3_20170104222653479.jpg
62,21_1_3_20170104222758121.jpg,1,0,4,,0,97,279,62,254,21_1_3_20170104222758121,c:\Users\ohund\workspace\project_human_centered_machine_learning_test\faces_only\subset\indian\female\21_1_3_20170104222758121.jpg
63,21_1_3_20170104223626119.jpg,1,0,4,,0,119,216,56,160,21_1_3_20170104223626119,c:\Users\ohund\workspace\project_human_centered_machine_learning_test\faces_only\subset\indian\female\21_1_3_20170104223626119.jpg
64,21_1_3_20170104231324474.jpg,1,0,4,,0,34,152,39,195,21_1_3_20170104231324474,c:\Users\ohund\workspace\project_human_centered_machine_learning_test\faces_only\subset\indian\female\21_1_3_20170104231324474.jpg
65,21_1_3_20170104231602346.jpg,1,0,4,,0,50,171,33,182,21_1_3_20170104231602346,c:\Users\ohund\workspace\project_human_centered_machine_learning_test\faces_only\subset\indian\female\21_1_3_20170104231602346.jpg
66,21_1_3_20170104231611130.jpg,1,0,4,,0,56,197,56,215,21_1_3_20170104231611130,c:\Users\ohund\workspace\project_human_centered_machine_learning_test\faces_only\subset\indian\female\21_1_3_20170104231611130.jpg
67,21_1_3_20170104231613281.jpg,1,0,4,,0,18,254,30,257,21_1_3_20170104231613281,c:\Users\ohund\workspace\project_human_centered_machine_learning_test\faces_only\subset\indian\female\21_1_3_20170104231613281.jpg
68,21_1_3_20170104231627770.jpg,1,0,4,,0,105,272,48,226,21_1_3_20170104231627770,c:\Users\ohund\workspace\project_human_centered_machine_learning_test\faces_only\subset\indian\female\21_1_3_20170104231627770.jpg
69,21_1_3_20170104231630017.jpg,1,0,4,,0,49,160,56,183,21_1_3_20170104231630017,c:\Users\ohund\workspace\project_human_centered_machine_learning_test\faces_only\subset\indian\female\21_1_3_20170104231630017.jpg
70,22_0_2_20170104022354725.jpg,1,0,3,,1,181,300,24,140,22_0_2_20170104022354725,c:\Users\ohund\workspace\project_human_centered_machine_learning_test\faces_only\subset\asian\male\22_0_2_20170104022354725.jpg
71,22_0_2_20170116165407686.jpg,1,0,3,,1,214,523,239,583,22_0_2_20170116165407686,c:\Users\ohund\workspace\project_human_centered_machine_learning_test\faces_only\subset\asian\male\22_0_2_20170116165407686.jpg
72,22_0_2_20170116171724301.jpg,1,0,3,,1,102,354,83,340,22_0_2_20170116171724301,c:\Users\ohund\workspace\project_human_centered_machine_learning_test\faces_only\subset\asian\male\22_0_2_20170116171724301.jpg
73,22_0_2_20170116172135035.jpg,1,0,3,,1,79,350,61,356,22_0_2_20170116172135035,c:\Users\ohund\workspace\project_human_centered_machine_learning_test\faces_only\subset\asian\male\22_0_2_20170116172135035.jpg
74,22_0_2_20170116172148714.jpg,1,0,3,,1,38,323,62,359,22_0_2_20170116172148714,c:\Users\ohund\workspace\project_human_centered_machine_learning_test\faces_only\subset\asian\male\22_0_2_20170116172148714.jpg
75,22_0_2_20170116172210197.jpg,1,0,3,,1,245,757,107,624,22_0_2_20170116172210197,c:\Users\ohund\workspace\project_human_centered_machine_learning_test\faces_only\subset\asian\male\22_0_2_20170116172210197.jpg
76,22_0_2_20170116172455828.jpg,1,0,3,,1,53,295,28,370,22_0_2_20170116172455828,c:\Users\ohund\workspace\project_human_centered_machine_learning_test\faces_only\subset\asian\male\22_0_2_20170116172455828.jpg
77,22_0_2_20170116175910195.jpg,1,0,3,,1,48,187,71,225,22_0_2_20170116175910195,c:\Users\ohund\workspace\project_human_centered_machine_learning_test\faces_only\subset\asian\male\22_0_2_20170116175910195.jpg
78,22_1_2_20170116172028415.jpg,1,0,3,,0,364,840,5,563,22_1_2_20170116172028415,c:\Users\ohund\workspace\project_human_centered_machine_learning_test\faces_only\subset\asian\female\22_1_2_20170116172028415.jpg
79,22_1_2_20170116172030701.jpg,1,0,3,,0,242,782,43,484,22_1_2_20170116172030701,c:\Users\ohund\workspace\project_human_centered_machine_learning_test\faces_only\subset\asian\female\22_1_2_20170116172030701.jpg
80,22_1_2_20170116172137259.jpg,1,0,3,,0,45,384,23,412,22_1_2_20170116172137259,c:\Users\ohund\workspace\project_human_centered_machine_learning_test\faces_only\subset\asian\female\22_1_2_20170116172137259.jpg
81,22_1_2_20170116172549492.jpg,1,0,3,,0,258,806,9,506,22_1_2_20170116172549492,c:\Users\ohund\workspace\project_human_centered_machine_learning_test\faces_only\subset\asian\female\22_1_2_20170116172549492.jpg
82,22_1_2_20170116172557623.jpg,1,0,3,,0,120,596,3,493,22_1_2_20170116172557623,c:\Users\ohund\workspace\project_human_centered_machine_learning_test\faces_only\subset\asian\female\22_1_2_20170116172557623.jpg
83,22_1_2_20170116172611887.jpg,1,0,3,,0,77,463,1,405,22_1_2_20170116172611887,c:\Users\ohund\workspace\project_human_centered_machine_learning_test\faces_only\subset\asian\female\22_1_2_20170116172611887.jpg
84,22_1_2_20170116172613537.jpg,1,0,3,,0,268,810,1,450,22_1_2_20170116172613537,c:\Users\ohund\workspace\project_human_centered_machine_learning_test\faces_only\subset\asian\female\22_1_2_20170116172613537.jpg
85,22_1_2_20170116172614669.jpg,1,0,3,,0,54,406,1,350,22_1_2_20170116172614669,c:\Users\ohund\workspace\project_human_centered_machine_learning_test\faces_only\subset\asian\female\22_1_2_20170116172614669.jpg
86,22_1_2_20170116172619218.jpg,1,0,3,,0,78,285,25,201,22_1_2_20170116172619218,c:\Users\ohund\workspace\project_human_centered_machine_learning_test\faces_only\subset\asian\female\22_1_2_20170116172619218.jpg
87,22_1_2_20170116172657692.jpg,1,0,3,,0,198,541,6,371,22_1_2_20170116172657692,c:\Users\ohund\workspace\project_human_centered_machine_learning_test\faces_only\subset\asian\female\22_1_2_20170116172657692.jpg
88,22_1_2_20170116172659590.jpg,1,0,3,,0,297,726,1,474,22_1_2_20170116172659590,c:\Users\ohund\workspace\project_human_centered_machine_learning_test\faces_only\subset\asian\female\22_1_2_20170116172659590.jpg
89,22_1_2_20170116172700901.jpg,1,0,3,,0,32,522,81,565,22_1_2_20170116172700901,c:\Users\ohund\workspace\project_human_centered_machine_learning_test\faces_only\subset\asian\female\22_1_2_20170116172700901.jpg
90,22_1_2_20170116172702296.jpg,1,0,3,,0,109,363,3,348,22_1_2_20170116172702296,c:\Users\ohund\workspace\project_human_centered_machine_learning_test\faces_only\subset\asian\female\22_1_2_20170116172702296.jpg
91,23_0_2_20170107213747034.jpg,1,0,3,,1,105,277,143,336,23_0_2_20170107213747034,c:\Users\ohund\workspace\project_human_centered_machine_learning_test\faces_only\subset\asian\male\23_0_2_20170107213747034.jpg
92,23_0_2_20170108224712804.jpg,1,0,3,,1,95,288,139,374,23_0_2_20170108224712804,c:\Users\ohund\workspace\project_human_centered_machine_learning_test\faces_only\subset\asian\male\23_0_2_20170108224712804.jpg
93,23_0_2_20170114024549242.jpg,1,0,3,,1,38,629,103,822,23_0_2_20170114024549242,c:\Users\ohund\workspace\project_human_centered_machine_learning_test\faces_only\subset\asian\male\23_0_2_20170114024549242.jpg
94,23_0_2_20170116172805150.jpg,1,0,3,,1,540,1018,43,446,23_0_2_20170116172805150,c:\Users\ohund\workspace\project_human_centered_machine_learning_test\faces_only\subset\asian\male\23_0_2_20170116172805150.jpg
95,23_0_2_20170116172840539.jpg,1,0,3,,1,199,746,26,645,23_0_2_20170116172840539,c:\Users\ohund\workspace\project_human_centered_machine_learning_test\faces_only\subset\asian\male\23_0_2_20170116172840539.jpg
96,23_0_2_20170116172856091.jpg,1,0,3,,1,491,762,67,438,23_0_2_20170116172856091,c:\Users\ohund\workspace\project_human_centered_machine_learning_test\faces_only\subset\asian\male\23_0_2_20170116172856091.jpg
97,23_0_2_20170116172858865.jpg,1,0,3,,1,126,656,69,595,23_0_2_20170116172858865,c:\Users\ohund\workspace\project_human_centered_machine_learning_test\faces_only\subset\asian\male\23_0_2_20170116172858865.jpg
98,23_0_2_20170116172904718.jpg,1,0,3,,1,483,815,85,540,23_0_2_20170116172904718,c:\Users\ohund\workspace\project_human_centered_machine_learning_test\faces_only\subset\asian\male\23_0_2_20170116172904718.jpg
99,23_0_2_20170116172906979.jpg,1,0,3,,1,233,529,53,397,23_0_2_20170116172906979,c:\Users\ohund\workspace\project_human_centered_machine_learning_test\faces_only\subset\asian\male\23_0_2_20170116172906979.jpg
100,23_0_2_20170116172908582.jpg,1,0,3,,1,64,389,141,480,23_0_2_20170116172908582,c:\Users\ohund\workspace\project_human_centered_machine_learning_test\faces_only\subset\asian\male\23_0_2_20170116172908582.jpg
101,23_0_2_20170116172912257.jpg,1,0,3,,1,311,740,81,512,23_0_2_20170116172912257,c:\Users\ohund\workspace\project_human_centered_machine_learning_test\faces_only\subset\asian\male\23_0_2_20170116172912257.jpg
102,23_0_2_20170116172922675.jpg,1,0,3,,1,203,551,132,548,23_0_2_20170116172922675,c:\Users\ohund\workspace\project_human_centered_machine_learning_test\faces_only\subset\asian\male\23_0_2_20170116172922675.jpg
103,23_0_2_20170116172927637.jpg,1,0,3,,1,61,680,89,792,23_0_2_20170116172927637,c:\Users\ohund\workspace\project_human_centered_machine_learning_test\faces_only\subset\asian\male\23_0_2_20170116172927637.jpg
104,23_0_2_20170116172933284.jpg,1,0,3,,1,18,567,214,948,23_0_2_20170116172933284,c:\Users\ohund\workspace\project_human_centered_machine_learning_test\faces_only\subset\asian\male\23_0_2_20170116172933284.jpg
105,23_0_2_20170116172945780.jpg,1,0,3,,1,66,720,73,844,23_0_2_20170116172945780,c:\Users\ohund\workspace\project_human_centered_machine_learning_test\faces_only\subset\asian\male\23_0_2_20170116172945780.jpg
106,23_0_2_20170116172947652.jpg,1,0,3,,1,198,445,80,351,23_0_2_20170116172947652,c:\Users\ohund\workspace\project_human_centered_machine_learning_test\faces_only\subset\asian\male\23_0_2_20170116172947652.jpg
107,23_0_2_20170116173001224.jpg,1,0,3,,1,282,663,116,475,23_0_2_20170116173001224,c:\Users\ohund\workspace\project_human_centered_machine_learning_test\faces_only\subset\asian\male\23_0_2_20170116173001224.jpg
108,23_0_2_20170116173007268.jpg,1,0,3,,1,313,819,107,620,23_0_2_20170116173007268,c:\Users\ohund\workspace\project_human_centered_machine_learning_test\faces_only\subset\asian\male\23_0_2_20170116173007268.jpg
109,23_0_2_20170116221009406.jpg,1,0,3,,1,157,741,21,691,23_0_2_20170116221009406,c:\Users\ohund\workspace\project_human_centered_machine_learning_test\faces_only\subset\asian\male\23_0_2_20170116221009406.jpg
110,23_0_2_20170116221013973.jpg,1,0,3,,1,406,677,52,378,23_0_2_20170116221013973,c:\Users\ohund\workspace\project_human_centered_machine_learning_test\faces_only\subset\asian\male\23_0_2_20170116221013973.jpg
111,23_0_2_20170117144607348.jpg,1,0,3,,1,114,429,90,416,23_0_2_20170117144607348,c:\Users\ohund\workspace\project_human_centered_machine_learning_test\faces_only\subset\asian\male\23_0_2_20170117144607348.jpg
112,23_1_2_20170116173159012.jpg,1,0,3,,0,196,571,17,440,23_1_2_20170116173159012,c:\Users\ohund\workspace\project_human_centered_machine_learning_test\faces_only\subset\asian\female\23_1_2_20170116173159012.jpg
113,23_1_2_20170116173159941.jpg,1,0,3,,0,87,306,59,311,23_1_2_20170116173159941,c:\Users\ohund\workspace\project_human_centered_machine_learning_test\faces_only\subset\asian\female\23_1_2_20170116173159941.jpg
114,23_1_2_20170116173201790.jpg,1,0,3,,0,68,314,54,295,23_1_2_20170116173201790,c:\Users\ohund\workspace\project_human_centered_machine_learning_test\faces_only\subset\asian\female\23_1_2_20170116173201790.jpg
115,23_1_2_20170116173210232.jpg,1,0,3,,0,236,749,34,519,23_1_2_20170116173210232,c:\Users\ohund\workspace\project_human_centered_machine_learning_test\faces_only\subset\asian\female\23_1_2_20170116173210232.jpg
116,23_1_2_20170116173214311.jpg,1,0,3,,0,119,655,68,573,23_1_2_20170116173214311,c:\Users\ohund\workspace\project_human_centered_machine_learning_test\faces_only\subset\asian\female\23_1_2_20170116173214311.jpg
117,23_1_2_20170116173215428.jpg,1,0,3,,0,431,866,80,579,23_1_2_20170116173215428,c:\Users\ohund\workspace\project_human_centered_machine_learning_test\faces_only\subset\asian\female\23_1_2_20170116173215428.jpg
118,23_1_2_20170116173233383.jpg,1,0,3,,0,121,684,20,688,23_1_2_20170116173233383,c:\Users\ohund\workspace\project_human_centered_machine_learning_test\faces_only\subset\asian\female\23_1_2_20170116173233383.jpg
119,23_1_2_20170116173239323.jpg,1,0,3,,0,5,605,17,705,23_1_2_20170116173239323,c:\Users\ohund\workspace\project_human_centered_machine_learning_test\faces_only\subset\asian\female\23_1_2_20170116173239323.jpg
120,23_1_2_20170116173240500.jpg,1,0,3,,0,167,667,10,514,23_1_2_20170116173240500,c:\Users\ohund\workspace\project_human_centered_machine_learning_test\faces_only\subset\asian\female\23_1_2_20170116173240500.jpg
121,23_1_2_20170116173241444.jpg,1,0,3,,0,417,852,12,462,23_1_2_20170116173241444,c:\Users\ohund\workspace\project_human_centered_machine_learning_test\faces_only\subset\asian\female\23_1_2_20170116173241444.jpg
122,23_1_2_20170116173244358.jpg,1,0,3,,0,288,889,65,661,23_1_2_20170116173244358,c:\Users\ohund\workspace\project_human_centered_machine_learning_test\faces_only\subset\asian\female\23_1_2_20170116173244358.jpg
123,23_1_2_20170116173253789.jpg,1,0,3,,0,444,885,57,537,23_1_2_20170116173253789,c:\Users\ohund\workspace\project_human_centered_machine_learning_test\faces_only\subset\asian\female\23_1_2_20170116173253789.jpg
124,23_1_2_20170116184229440.jpg,1,0,3,,0,100,312,42,288,23_1_2_20170116184229440,c:\Users\ohund\workspace\project_human_centered_machine_learning_test\faces_only\subset\asian\female\23_1_2_20170116184229440.jpg
125,24_0_2_20170116164343289.jpg,1,0,3,,1,173,645,94,637,24_0_2_20170116164343289,c:\Users\ohund\workspace\project_human_centered_machine_learning_test\faces_only\subset\asian\male\24_0_2_20170116164343289.jpg
126,24_0_2_20170119165620535.jpg,1,0,3,,1,9,267,9,282,24_0_2_20170119165620535,c:\Users\ohund\workspace\project_human_centered_machine_learning_test\faces_only\subset\asian\male\24_0_2_20170119165620535.jpg
127,24_1_2_20170116163638814.jpg,1,0,3,,0,19,372,78,467,24_1_2_20170116163638814,c:\Users\ohund\workspace\project_human_centered_machine_learning_test\faces_only\subset\asian\female\24_1_2_20170116163638814.jpg
128,24_1_2_20170116163702026.jpg,1,0,3,,0,50,492,35,604,24_1_2_20170116163702026,c:\Users\ohund\workspace\project_human_centered_machine_learning_test\faces_only\subset\asian\female\24_1_2_20170116163702026.jpg
129,24_1_2_20170116163720881.jpg,1,0,3,,0,152,428,27,359,24_1_2_20170116163720881,c:\Users\ohund\workspace\project_human_centered_machine_learning_test\faces_only\subset\asian\female\24_1_2_20170116163720881.jpg
130,24_1_2_20170116163750637.jpg,1,0,3,,0,56,401,9,364,24_1_2_20170116163750637,c:\Users\ohund\workspace\project_human_centered_machine_learning_test\faces_only\subset\asian\female\24_1_2_20170116163750637.jpg
131,24_1_2_20170116163909292.jpg,1,0,3,,0,97,646,116,562,24_1_2_20170116163909292,c:\Users\ohund\workspace\project_human_centered_machine_learning_test\faces_only\subset\asian\female\24_1_2_20170116163909292.jpg
132,24_1_2_20170116164545482.jpg,1,0,3,,0,100,417,42,435,24_1_2_20170116164545482,c:\Users\ohund\workspace\project_human_centered_machine_learning_test\faces_only\subset\asian\female\24_1_2_20170116164545482.jpg
133,24_1_2_20170116164559724.jpg,1,0,3,,0,1,304,1,284,24_1_2_20170116164559724,c:\Users\ohund\workspace\project_human_centered_machine_learning_test\faces_only\subset\asian\female\24_1_2_20170116164559724.jpg
134,24_1_2_20170116164628750.jpg,1,0,3,,0,10,426,53,516,24_1_2_20170116164628750,c:\Users\ohund\workspace\project_human_centered_machine_learning_test\faces_only\subset\asian\female\24_1_2_20170116164628750.jpg
135,24_1_2_20170116164744956.jpg,1,0,3,,0,297,699,59,501,24_1_2_20170116164744956,c:\Users\ohund\workspace\project_human_centered_machine_learning_test\faces_only\subset\asian\female\24_1_2_20170116164744956.jpg
136,24_1_2_20170116164813386.jpg,1,0,3,,0,136,545,72,444,24_1_2_20170116164813386,c:\Users\ohund\workspace\project_human_centered_machine_learning_test\faces_only\subset\asian\female\24_1_2_20170116164813386.jpg
137,24_1_2_20170116165003935.jpg,1,0,3,,0,24,438,154,602,24_1_2_20170116165003935,c:\Users\ohund\workspace\project_human_centered_machine_learning_test\faces_only\subset\asian\female\24_1_2_20170116165003935.jpg
138,24_1_2_20170116165051346.jpg,1,0,3,,0,26,379,19,351,24_1_2_20170116165051346,c:\Users\ohund\workspace\project_human_centered_machine_learning_test\faces_only\subset\asian\female\24_1_2_20170116165051346.jpg
139,24_1_2_20170116165105160.jpg,1,0,3,,0,79,400,86,457,24_1_2_20170116165105160,c:\Users\ohund\workspace\project_human_centered_machine_learning_test\faces_only\subset\asian\female\24_1_2_20170116165105160.jpg
140,25_0_3_20170104214432805.jpg,1,0,4,,1,19,162,31,231,25_0_3_20170104214432805,c:\Users\ohund\workspace\project_human_centered_machine_learning_test\faces_only\subset\indian\male\25_0_3_20170104214432805.jpg
141,25_0_3_20170104214444117.jpg,1,0,4,,1,142,295,10,230,25_0_3_20170104214444117,c:\Users\ohund\workspace\project_human_centered_machine_learning_test\faces_only\subset\indian\male\25_0_3_20170104214444117.jpg
142,25_0_3_20170104214558568.jpg,1,0,4,,1,120,225,37,205,25_0_3_20170104214558568,c:\Users\ohund\workspace\project_human_centered_machine_learning_test\faces_only\subset\indian\male\25_0_3_20170104214558568.jpg
143,25_0_3_20170104214602149.jpg,1,0,4,,1,178,433,17,245,25_0_3_20170104214602149,c:\Users\ohund\workspace\project_human_centered_machine_learning_test\faces_only\subset\indian\male\25_0_3_20170104214602149.jpg
144,25_0_3_20170104214610101.jpg,1,0,4,,1,57,229,63,291,25_0_3_20170104214610101,c:\Users\ohund\workspace\project_human_centered_machine_learning_test\faces_only\subset\indian\male\25_0_3_20170104214610101.jpg
145,25_0_3_20170104214613229.jpg,1,0,4,,1,79,221,55,228,25_0_3_20170104214613229,c:\Users\ohund\workspace\project_human_centered_machine_learning_test\faces_only\subset\indian\male\25_0_3_20170104214613229.jpg
146,25_0_3_20170104220223342.jpg,1,0,4,,1,111,221,50,181,25_0_3_20170104220223342,c:\Users\ohund\workspace\project_human_centered_machine_learning_test\faces_only\subset\indian\male\25_0_3_20170104220223342.jpg
147,25_0_3_20170104230227202.jpg,1,0,4,,1,142,360,59,310,25_0_3_20170104230227202,c:\Users\ohund\workspace\project_human_centered_machine_learning_test\faces_only\subset\indian\male\25_0_3_20170104230227202.jpg
148,25_0_3_20170104230440360.jpg,1,0,4,,1,207,370,31,240,25_0_3_20170104230440360,c:\Users\ohund\workspace\project_human_centered_machine_learning_test\faces_only\subset\indian\male\25_0_3_20170104230440360.jpg
149,25_0_3_20170104230516489.jpg,1,0,4,,1,70,370,54,358,25_0_3_20170104230516489,c:\Users\ohund\workspace\project_human_centered_machine_learning_test\faces_only\subset\indian\male\25_0_3_20170104230516489.jpg
150,25_0_3_20170105175316102.jpg,1,0,4,,1,43,163,34,162,25_0_3_20170105175316102,c:\Users\ohund\workspace\project_human_centered_machine_learning_test\faces_only\subset\indian\male\25_0_3_20170105175316102.jpg
151,25_0_3_20170107213404617.jpg,1,0,4,,1,39,152,24,134,25_0_3_20170107213404617,c:\Users\ohund\workspace\project_human_centered_machine_learning_test\faces_only\subset\indian\male\25_0_3_20170107213404617.jpg
152,25_0_3_20170116222907776.jpg,1,0,4,,1,127,572,127,726,25_0_3_20170116222907776,c:\Users\ohund\workspace\project_human_centered_machine_learning_test\faces_only\subset\indian\male\25_0_3_20170116222907776.jpg
153,25_0_3_20170117134128269.jpg,1,0,4,,1,79,372,80,420,25_0_3_20170117134128269,c:\Users\ohund\workspace\project_human_centered_machine_learning_test\faces_only\subset\indian\male\25_0_3_20170117134128269.jpg
154,25_0_3_20170117134150022.jpg,1,0,4,,1,130,348,89,347,25_0_3_20170117134150022,c:\Users\ohund\workspace\project_human_centered_machine_learning_test\faces_only\subset\indian\male\25_0_3_20170117134150022.jpg
155,25_0_3_20170117134725751.jpg,1,0,4,,1,66,456,80,595,25_0_3_20170117134725751,c:\Users\ohund\workspace\project_human_centered_machine_learning_test\faces_only\subset\indian\male\25_0_3_20170117134725751.jpg
156,25_0_3_20170117135144679.jpg,1,0,4,,1,375,750,65,481,25_0_3_20170117135144679,c:\Users\ohund\workspace\project_human_centered_machine_learning_test\faces_only\subset\indian\male\25_0_3_20170117135144679.jpg
